otus	M31Fcsw	M11Fcsw	LMEpi24M	SLEpi20M	AQC1cm	AQC4cm	AQC7cm	TS28	TS29
951	0	0	0	0	0	0	0	0	0
155495	0	0	0	0	0	0	0	0	0
1029	0	0	0	0	0	0	0	0	0
341551	0	0	0	0	0	0	0	0	0
108964	0	0	1	0	1	0	1	10	3
330416	0	0	0	0	0	0	0	0	0
546313	0	1	0	0	1	0	0	0	1
548602	0	0	0	0	0	0	0	0	0
564501	0	0	0	0	0	0	1	0	0
47778	0	0	0	0	0	0	0	0	0
54107	0	0	0	0	0	0	0	1	1
25116	0	0	0	0	0	0	0	0	0
71074	1	0	1	1	0	1	0	0	1
252853	0	0	0	0	0	0	0	0	0
100679	0	0	1	0	0	0	1	2	0
540349	0	0	0	0	0	0	0	0	0
101071	0	0	1	0	0	0	0	0	0
1143	0	0	0	0	0	0	0	0	0
141739	0	0	0	0	0	0	0	0	0
548723	0	0	0	0	0	0	0	0	0
542636	0	0	0	0	0	0	0	0	0
526502	0	0	0	0	0	0	0	0	0
152431	0	0	0	0	4	25	25	0	0
55681	0	0	0	0	0	9	7	0	0
206978	0	0	0	0	4	26	38	0	0
467541	0	0	0	0	0	0	0	0	0
557121	0	0	0	0	0	1	0	0	0
524986	0	0	0	0	0	1	0	0	0
212360	0	0	0	0	1	0	0	0	0
79	0	0	0	0	23	70	86	0	0
101553	0	0	0	2	26	71	59	0	1
150294	0	0	0	0	0	0	0	0	0
547463	0	0	0	0	0	0	0	0	0
227785	27	54	1	0	7	0	0	1566	1668
368907	0	0	1	0	0	0	0	0	0
12724	0	0	0	0	0	0	0	0	0
93749	0	0	0	0	0	0	0	0	0
165106	0	0	0	0	0	0	0	0	0
137567	0	0	0	0	4	0	0	0	0
99516	0	0	0	0	0	0	0	0	0
12789	0	0	0	0	0	0	0	0	0
140932	0	0	0	0	0	0	0	0	0
255749	0	0	0	0	0	0	0	0	0
305897	0	0	0	0	0	0	0	0	0
150663	0	0	0	0	0	0	0	0	0
12029	0	0	0	0	0	0	0	0	0
554990	0	0	0	0	0	0	0	0	0
12039	0	0	0	0	0	0	0	0	0
12045	0	0	0	0	0	0	0	0	0
576085	0	0	0	0	0	0	0	0	0
104948	0	0	0	0	0	0	0	0	0
12046	0	0	0	0	0	0	0	0	0
100757	0	0	0	0	0	0	0	0	0
246769	0	0	0	0	0	0	0	0	0
105568	0	0	0	0	0	0	0	0	0
25615	0	0	0	0	0	0	0	0	0
11984	0	0	0	0	0	0	0	0	0
89696	0	0	0	0	0	0	0	0	0
471203	0	0	0	0	0	0	0	0	0
589503	0	0	0	0	0	0	0	0	0
19369	0	0	0	0	0	0	0	0	0
23223	0	0	0	0	0	0	0	0	0
319018	0	0	0	0	0	0	0	0	0
12151	0	0	0	0	0	0	0	0	0
12098	0	0	0	0	0	0	1	0	0
12065	0	0	0	0	0	0	0	0	0
12131	0	0	0	0	0	0	0	0	0
214752	0	0	0	0	0	0	0	0	0
154705	0	0	0	0	0	0	0	0	0
533172	0	0	32	1	0	0	0	0	0
54677	0	0	0	0	0	0	0	0	0
13016	0	0	0	0	0	0	0	0	0
13013	0	0	1	0	0	0	0	0	0
31830	0	0	0	0	0	0	0	0	0
85863	0	0	0	0	0	0	0	0	0
175954	1	0	1	2	3	2	4	0	0
12913	0	0	0	0	0	0	0	0	0
133017	0	0	0	0	0	0	0	0	0
12970	0	0	0	0	0	0	0	0	0
248764	0	0	0	0	0	0	0	0	0
246206	0	0	0	0	0	0	0	0	0
33829	0	0	0	0	0	0	1	0	0
12979	0	0	0	0	1	0	0	0	0
12995	0	0	0	0	0	0	0	0	0
12993	0	0	0	0	0	0	0	0	0
238963	0	0	0	0	1	1	0	0	0
240258	0	0	0	0	0	0	0	2	0
515421	0	0	0	0	0	0	0	0	0
12808	0	0	0	0	0	0	0	0	0
369289	0	0	0	0	0	1	1	0	0
43093	0	0	1	0	0	1	0	0	0
38986	0	0	0	0	0	0	0	0	0
265094	0	0	0	0	1	0	2	1	2
273055	1	0	1	1	3	2	1	4	2
536662	0	1	0	0	2	1	0	0	0
250002	0	0	0	0	2	0	0	1	0
34467	0	0	0	0	0	0	0	0	0
33446	0	0	0	0	0	0	0	0	0
33286	0	0	0	0	2	2	1	0	0
18850	0	0	0	0	0	0	0	0	0
278310	0	0	0	0	0	0	0	0	0
332727	0	0	0	0	0	0	0	0	0
151293	0	0	0	0	0	0	1	0	0
352835	0	0	0	0	0	0	1	0	0
258956	0	0	0	0	2	2	6	0	0
308245	0	0	0	0	0	0	0	0	0
253324	0	0	0	3	5	14	41	0	0
242867	0	0	0	0	6	3	3	0	0
250390	0	0	0	0	1	0	0	0	0
199229	0	0	0	0	0	0	0	0	0
236179	0	0	1	0	2	1	1	2	0
11428	1	0	1	0	1	0	0	0	0
575032	0	0	0	0	0	0	0	0	0
242751	0	0	5	7	0	0	0	1	0
80600	0	0	0	0	0	0	0	0	0
12296	0	0	2	1	0	0	0	0	0
148208	0	0	0	0	0	0	0	0	0
212534	0	0	37	1	1	1	0	0	0
73379	0	0	9	0	1	1	0	1	0
12163	0	0	7	0	0	0	0	0	0
311254	0	0	223	3	0	1	0	0	0
240200	0	3	9210	1164	16	5	20	1	1
240435	0	3	1301	68	8	10	8	0	0
21685	0	0	75	0	0	0	1	0	0
323846	0	0	1	0	0	0	0	0	0
172749	0	0	0	0	0	0	0	0	0
349277	0	0	2	1	2	4	1	0	0
348790	0	0	3	0	0	0	0	0	0
130665	0	0	27	0	0	0	2	0	0
266945	0	0	5	0	3	0	2	1	0
12168	0	0	2	0	0	0	0	0	0
79881	0	0	33	0	1	1	6	0	0
19936	0	0	141	17	3	1	0	0	0
50557	0	0	4	1	2	9	7	0	0
35440	0	0	120	17	3	3	2	0	0
173906	0	0	0	0	0	2	0	0	0
12175	0	0	23	0	1	0	0	0	0
95950	0	0	0	0	0	0	0	0	0
277142	0	0	0	0	0	0	0	0	0
29284	0	0	0	5	2	2	3	0	0
145846	0	1	0	1	1	2	2	0	0
12533	0	0	0	0	1	0	0	0	0
12541	0	0	3	1	0	0	0	0	0
104526	0	0	0	1	0	0	0	0	0
88451	0	0	0	0	0	0	0	0	0
557925	0	0	0	0	0	0	0	0	0
101394	0	0	1	1	1	1	1	0	0
12343	0	0	1	0	0	9	13	0	0
177558	0	0	0	0	0	0	0	0	0
12346	0	0	1	0	4	24	38	0	0
195654	0	0	0	0	0	0	0	0	0
72525	0	0	0	0	0	0	0	0	0
152486	0	0	0	0	0	0	0	0	0
285868	0	0	0	0	0	0	0	0	0
77730	0	0	0	0	1	1	1	0	0
12592	0	0	0	0	0	0	0	0	0
71888	0	0	0	0	0	0	0	0	0
33696	0	0	0	0	0	0	0	0	0
245707	0	0	0	0	0	0	0	0	0
470273	0	0	0	0	0	0	0	0	0
12561	0	0	0	0	0	2	0	0	0
12562	0	0	0	0	0	0	0	0	0
470693	29	0	0	0	0	0	0	1	0
131783	0	0	1	0	0	0	0	0	0
12569	0	0	0	0	0	0	0	0	0
36025	0	0	0	0	0	0	0	0	0
12447	0	0	0	0	0	0	0	0	0
555009	0	0	0	0	0	0	0	0	0
530833	0	0	1	0	0	0	0	0	0
272161	0	0	1	0	0	0	0	0	0
567669	1	1	2	3	1	3	1	0	0
274801	0	0	22	17	0	0	1	0	0
58301	3	4	196	6	17	7	18	3	2
471141	15	12	491	21	58	23	52	17	16
140877	0	0	0	0	0	0	0	0	0
338075	0	0	0	0	0	0	0	0	0
100937	2	2	12	3	8	3	1	2	2
130481	0	0	0	0	0	0	1	0	0
137387	0	0	0	0	0	0	0	0	0
369524	0	0	0	0	0	0	0	0	0
543841	0	0	0	0	0	0	0	0	0
565712	0	0	0	0	0	0	0	0	0
272208	12	1	1	1	0	0	1	1	0
183182	0	0	0	0	0	0	1	0	0
13401	0	0	0	0	0	0	0	0	0
202911	0	0	0	0	0	0	0	0	0
13463	0	0	0	0	0	0	0	0	0
13467	0	0	0	0	0	0	0	0	0
470178	0	1	0	0	0	0	0	0	0
376876	0	0	0	0	0	0	0	0	0
357438	0	0	0	0	0	0	0	0	0
305123	0	0	0	0	0	0	0	0	1
470207	0	0	0	0	1	0	0	0	0
470219	10	2	14	2	4	7	1	7	3
13428	0	0	0	0	0	0	0	0	0
58295	1	0	5	1	3	0	0	2	1
470200	4	0	0	0	1	0	0	0	0
470188	0	8	4	2	0	1	0	3	0
69384	0	0	0	0	0	0	0	0	0
470213	3	2	14	7	3	9	4	1	1
471198	0	0	0	0	0	0	0	0	0
137454	0	0	0	0	0	0	0	0	0
24259	0	0	0	0	0	0	0	0	0
69669	0	0	0	6	0	0	0	0	0
13581	0	0	0	56	0	1	1	0	0
13568	0	0	0	0	0	0	0	0	0
108829	0	0	0	0	0	0	0	0	0
349708	0	0	0	0	0	1	1	0	0
84268	0	0	0	0	0	0	0	0	0
185640	0	0	0	0	0	0	0	0	0
276278	0	0	0	0	0	0	0	0	0
188084	0	0	0	0	0	0	0	0	0
84442	0	0	0	0	0	0	0	0	0
526776	0	0	0	0	1	2	2	0	0
142287	0	0	0	0	1	0	1	0	0
104445	0	0	0	0	0	0	0	0	0
558953	0	0	5	0	1	1	1	1	0
137558	0	0	0	0	0	0	0	0	0
13522	0	0	0	0	0	0	0	0	0
100442	0	0	0	0	0	0	0	0	0
20974	0	0	0	0	0	0	0	0	0
13140	0	0	0	0	0	1	1	0	0
320457	0	0	0	3	1	1	0	0	0
556866	0	0	2	0	1	1	0	0	0
13121	0	0	0	0	1	3	0	0	0
92964	0	0	0	0	5	5	7	0	0
102201	0	0	0	0	2	0	0	0	0
143735	0	0	0	0	0	0	0	0	0
12620	0	0	0	0	0	0	0	0	2
86784	0	0	2	0	0	1	0	0	0
72858	0	0	58	0	0	1	1	0	0
143171	0	0	6	0	0	0	0	0	0
469868	8	3	3	0	40	4	0	299	1131
326977	714	330	23	14	1022	12	18	22191	116225
469873	20	22	3	0	104	4	3	4053	10129
12622	0	0	0	0	1	1	0	0	2
470460	0	0	0	0	0	0	0	0	0
131391	0	0	0	0	1	0	0	33	94
471185	66	1	0	0	0	0	0	2	12
12650	0	0	0	0	0	0	0	5	3
559527	0	0	0	0	0	0	0	0	5
591285	3	1	0	0	1	0	0	39	124
469852	0	31	0	0	3	1	0	7	2
108434	1	0	1	1	1	1	0	0	0
3838	0	0	1	1	1	1	0	0	0
24210	0	0	0	0	0	0	0	0	0
3859	0	0	0	0	0	0	0	0	0
38741	0	0	6	2	2	1	0	0	0
78032	0	0	0	0	0	0	0	0	0
77775	0	0	0	0	0	0	0	0	0
146387	0	0	0	0	0	0	0	0	0
4099	0	0	0	0	0	0	0	0	0
141219	0	0	0	3	4	2	12	0	0
90465	0	0	0	1	3	0	0	0	0
101217	0	0	0	0	0	1	0	0	0
89329	0	0	0	0	0	0	1	0	0
4386	0	0	0	0	0	1	6	0	0
111897	1	0	0	0	0	0	0	0	0
192132	1394	14	2	2	3	0	0	5	314
10517	2	0	0	0	0	0	0	0	0
10526	0	119	0	0	0	0	0	0	0
33199	0	0	0	0	0	0	0	0	0
235762	0	0	0	0	0	1	0	0	0
567650	0	0	0	0	2	0	0	0	0
219355	0	0	0	0	0	0	1	0	0
102412	0	0	0	0	6	15	13	0	0
338150	0	0	0	0	0	0	7	0	0
384155	0	0	0	0	0	0	3	0	0
92508	0	0	0	0	0	0	0	0	0
87605	0	0	0	0	0	0	0	0	0
34507	0	0	0	0	0	0	0	0	0
536531	0	0	0	0	3	5	0	0	0
341019	0	0	0	0	1	3	2	0	0
10455	0	0	0	0	0	2	1	0	0
19551	0	0	0	0	4	23	2	1	0
102653	0	0	0	0	0	0	0	0	0
245878	0	0	1	1	73	198	95	0	0
23777	0	0	0	0	0	0	0	0	0
11293	0	0	0	0	0	0	0	0	0
529857	1	0	0	0	0	0	0	0	0
34513	0	0	0	0	0	0	0	0	0
470429	0	0	0	0	0	0	0	1	0
99826	0	0	0	2	5	0	0	0	0
103527	0	0	0	0	0	0	0	0	0
536325	0	0	0	0	0	0	0	0	0
76821	0	0	0	0	0	0	0	0	0
584755	0	0	0	0	0	0	0	0	0
74862	2	0	0	0	0	0	0	46	0
15711	0	1	0	0	0	0	0	0	0
470139	13	0	3	3	57	7	5	14	10
15716	325	0	0	0	0	0	0	226	44
109807	36	1	0	0	0	0	0	30	0
381629	0	0	0	0	0	0	0	0	0
470369	2	3	3	3	65	3	2	27	9
194446	0	0	0	0	0	0	0	0	0
295024	0	0	0	0	0	0	0	0	0
362383	37	2	0	0	7	0	0	106	1466
572915	35	0	0	0	16	1	0	718	1622
270972	0	0	0	0	0	0	0	0	0
532556	0	0	1	0	0	0	0	1	0
19191	4	1	0	1	0	0	0	4	0
470522	367	12	0	0	18	1	0	180	231
99344	0	0	0	0	1	0	0	0	0
185981	0	0	0	0	7	8	7	0	0
279660	0	0	0	0	8	1	0	0	0
143213	0	0	0	0	3	0	6	0	0
3232	0	0	0	0	0	0	0	0	0
268560	0	0	0	0	0	0	0	0	0
471225	0	0	6740	1	0	1	3	0	0
161302	0	0	0	0	0	0	0	0	0
136145	0	0	0	0	7	5	0	0	0
3262	0	0	0	0	2	0	1	0	0
549188	0	0	0	0	1	1	1	0	0
587919	0	0	0	1	0	0	0	0	0
138867	0	0	28	0	0	0	1	0	0
45521	0	0	8	0	0	0	0	0	0
247816	0	0	2	0	0	3	0	0	0
107995	0	0	37	15	6	32	29	0	0
3098	0	0	4	1	0	0	1	0	0
245604	0	0	37	0	0	1	0	0	0
178178	0	0	1	1	1	5	13	0	0
190926	0	4	9916	42	168	403	144	1	2
140593	0	0	5449	44	4	3	3	0	0
568548	0	0	0	0	2	1	2	0	0
142290	0	0	0	0	0	0	0	0	0
175886	1	0	0	0	0	0	0	0	0
11239	0	0	0	0	0	0	0	0	0
11247	2	0	0	0	0	1	0	0	0
241170	2	0	13	1	1	2	2	0	3
484430	0	1	1	1	3	5	0	0	1
246715	1401	0	0	0	0	0	0	1	0
386273	26	8	0	0	0	0	0	8	0
56203	0	0	0	0	0	0	0	0	0
162077	4	7	122	8	28	9	11	8	4
11164	0	0	0	1	0	0	0	0	0
237188	0	0	0	0	0	0	0	0	0
277566	0	0	0	0	0	0	0	0	0
163978	0	0	0	0	1	0	1	5	1
214563	0	0	0	0	0	0	0	0	0
6678	1	2	8	2	3	5	3	0	3
63992	0	0	0	0	0	0	0	0	0
55005	0	0	0	0	0	0	0	0	0
75333	0	0	0	0	0	0	0	0	0
111824	0	0	2	3	10	17	16	0	1
591509	0	0	1	0	1	5	1	0	0
144381	0	2	0	9	8	5	14	0	0
238272	0	0	0	154	0	0	0	0	0
367189	0	1	5	211	2	2	3	0	0
172207	0	0	0	1	0	6	2	0	0
264640	0	0	0	0	0	0	0	0	0
6825	0	0	1	0	0	0	0	0	0
149152	0	0	1	0	0	0	0	0	0
338543	0	0	0	0	0	0	0	0	0
550256	0	0	0	2	0	0	0	0	0
519627	0	0	0	2	156	302	313	0	1
470243	0	0	2	2	2	2	0	0	0
63985	0	0	0	0	0	0	0	0	0
470724	0	0	0	0	0	0	1	0	0
56599	0	0	1	1	0	0	0	0	0
21796	0	0	0	0	0	1	0	0	0
72999	0	0	0	0	0	0	0	0	0
107195	0	0	0	0	0	1	0	0	0
22981	0	0	2	0	1	1	0	0	0
520724	0	0	0	6	2	5	4	0	0
156646	0	0	1	1	1	2	0	0	0
29792	0	0	0	0	0	3	3	0	0
141903	0	0	18	1	5	9	20	0	0
156758	0	0	46	2	0	1	1	0	0
263842	0	0	1	1	6	4	5	0	0
6697	0	0	2	0	1	1	4	0	0
203562	0	0	0	6	3	2	0	0	0
242252	2	1	2	5	16	21	15	1	0
143868	0	0	0	0	0	2	2	0	0
6725	0	0	2	7	4	6	9	0	0
41872	0	0	0	0	1	0	0	0	0
230074	1	0	5	8	25	212	131	0	0
42580	0	0	2	2	93	346	203	0	0
6721	0	0	0	1	0	6	8	0	0
134476	0	0	8	0	2	4	2	0	0
114676	0	0	0	0	0	2	1	0	0
6717	0	0	0	1	0	2	4	0	1
6713	0	1	0	0	18	32	52	0	1
26639	0	0	0	0	0	2	0	0	0
138944	0	0	0	0	9	11	21	0	0
235428	0	0	16	111	4	1	3	0	0
7344	0	0	0	0	0	0	0	0	0
230108	0	0	0	1	1	0	0	0	0
259460	0	0	0	1	1	1	0	0	0
60344	0	0	1	1	3	2	1	0	0
110675	0	0	1	66	2	2	2	0	0
236550	0	0	2	20	1	2	3	0	0
235543	0	0	0	0	0	0	0	0	0
510182	0	0	0	2	1	0	0	0	0
162184	0	0	9	6	0	4	3	0	0
365805	0	0	1	0	0	0	0	0	0
7316	0	0	0	19	0	0	1	0	0
88301	0	0	0	7	0	1	0	0	0
571521	0	1	0	23	0	1	1	0	1
102382	0	0	5	273	5	11	7	1	0
590309	0	0	0	0	0	0	0	0	0
551576	0	0	0	0	0	1	0	0	0
99681	0	0	0	0	0	0	0	0	0
155597	0	0	0	16	0	4	1	0	0
327622	0	0	2	1	0	0	0	0	0
244518	0	0	0	0	0	0	0	0	0
322045	0	0	0	2	0	1	1	0	0
217942	0	0	0	0	0	0	0	0	0
313175	0	0	16	68	2	3	4	0	0
559256	0	0	0	0	0	0	0	0	0
323686	0	0	3169	34	2	3	8	0	0
570301	0	0	2	15	0	1	0	0	0
7396	0	0	11	1	5	14	14	0	0
293752	0	0	2	0	2	2	0	0	0
6974	0	0	0	1	0	1	0	0	0
593931	0	0	0	4	0	0	1	0	0
592118	21	9	146	75	59	230	322	2	6
358779	0	0	0	0	0	1	0	0	0
391129	0	0	1	1	0	0	0	0	0
6936	0	0	39	28	33	38	24	0	0
255954	0	0	0	1	0	0	0	0	0
105081	0	0	17	0	3	6	6	0	0
271234	0	0	10	7	0	2	3	0	0
270928	0	0	0	0	0	1	1	0	0
166388	0	0	0	0	0	3	2	0	0
72406	0	1	104	82	58	139	124	0	0
368509	0	0	234	1551	54	86	63	1	0
153263	0	0	19	8	2	2	1	0	0
156790	0	0	50	50	1	1	1	0	1
584580	0	0	3659	49	43	39	33	0	1
90602	0	0	56	3	4	23	14	0	0
37911	0	0	3	1	11	68	34	0	0
110215	0	0	21	1	13	263	105	0	0
592171	0	0	1	0	5	29	15	0	0
7173	0	0	373	115	66	93	115	0	1
258495	0	0	0	0	0	0	0	0	0
140825	0	0	0	0	0	1	3	0	0
114783	0	0	8	18	0	6	5	0	0
200741	3	6	98	961	8803	12180	9967	5	18
100284	0	0	0	0	4	5	9	0	0
469903	0	0	0	0	0	0	0	0	0
65940	1	0	3	0	0	0	0	0	0
350331	0	0	0	0	1	0	0	0	0
573802	0	0	0	0	0	0	0	0	0
8823	0	0	0	1	0	0	0	1	0
569335	0	0	0	0	0	1	0	0	0
198608	0	0	0	0	1	0	0	0	0
311934	0	0	0	0	0	0	0	0	0
8872	0	0	0	0	0	0	0	0	0
81059	0	0	0	0	0	0	0	0	0
160306	0	0	0	0	0	0	0	0	0
274227	0	0	0	0	0	0	0	0	0
140774	0	0	0	0	0	0	1	0	0
153557	0	0	0	0	0	0	0	0	0
140388	0	0	0	0	0	0	0	0	0
193662	0	0	0	0	1	0	0	0	0
160023	0	1	6	3	70	653	634	0	1
259571	0	0	0	0	0	0	0	0	0
246806	0	0	0	0	1	4	6	0	0
392867	0	0	0	0	3	0	0	0	0
8849	0	0	0	0	0	0	0	0	0
46271	0	0	0	0	1	0	1	0	0
255639	0	0	0	0	0	0	0	0	0
230360	0	0	0	0	0	0	0	0	0
82812	0	0	0	0	0	0	0	0	0
236190	0	0	0	0	0	0	0	0	0
141151	0	0	0	0	0	0	0	0	0
93965	0	0	0	0	1	0	0	0	0
277789	0	0	0	0	0	0	0	0	0
91588	0	0	0	0	0	0	0	0	0
536526	0	0	0	0	0	0	0	0	0
84937	0	0	0	0	2	0	1	0	0
9286	0	0	0	0	0	0	1	0	0
536960	0	0	0	0	0	0	0	0	0
9176	0	0	0	0	0	0	0	0	0
91087	0	0	0	0	0	0	0	0	0
198609	0	0	0	0	0	0	0	0	0
9179	0	0	0	0	0	0	0	0	0
231428	0	0	0	0	0	0	0	0	0
559028	0	0	0	0	0	1	0	0	0
250349	0	0	0	0	0	0	0	0	0
227760	0	0	0	0	0	0	0	0	0
160550	0	0	0	0	1	2	0	0	0
20588	0	0	0	0	1	1	0	0	0
9142	0	0	0	0	1	0	0	0	0
160832	0	0	0	0	0	0	0	0	0
9128	0	0	0	0	0	0	0	0	0
149694	0	0	0	0	0	1	0	0	1
236039	0	0	0	0	0	0	0	0	0
246710	0	0	1	0	0	0	0	0	0
9036	0	0	0	0	0	0	0	0	0
143206	0	0	0	0	0	0	0	0	0
132764	0	0	0	0	0	0	1	0	0
133572	0	0	0	0	0	0	0	0	0
141639	0	0	0	1	0	0	0	0	0
543247	0	0	0	0	0	0	0	0	0
9458	0	0	0	0	0	0	0	0	0
70512	0	0	3	0	3	0	1	0	0
9514	60	13	476	33	79	42	43	22	8
29369	0	0	0	0	0	0	0	0	0
471414	0	0	0	0	0	0	0	0	0
286210	0	0	0	0	0	0	1	0	0
165851	0	0	0	0	0	0	0	0	0
186374	0	0	1	0	0	0	0	0	0
9551	0	0	1	0	0	0	0	0	0
89921	0	0	1	0	0	0	0	0	0
74211	0	0	0	0	0	0	0	0	0
9568	0	0	0	0	0	0	0	0	0
9513	0	0	0	0	0	0	0	0	0
86210	0	0	1	0	0	0	0	0	0
74034	0	0	0	0	0	0	0	0	0
557614	0	0	0	0	0	0	0	0	0
558276	0	0	1	0	0	0	0	0	0
533937	1	0	67	1	10	5	4	0	0
94166	178	66	1843	116	354	129	168	80	47
148123	0	0	0	0	0	0	0	0	0
86047	0	0	0	0	0	0	0	0	0
140393	1	0	12	2	4	2	0	0	0
138993	0	0	0	1	0	0	0	0	0
9486	1	0	2	0	2	0	0	0	0
562676	0	0	0	0	0	0	0	0	0
17538	0	0	1	7	0	0	0	0	0
9477	0	0	0	0	0	0	0	0	0
49616	0	0	0	0	0	0	0	0	0
343424	0	0	0	0	0	0	0	0	0
166053	0	0	0	0	0	0	0	0	0
236788	8	9	11	8	102	13	7	39	15
431764	0	0	0	0	0	0	0	0	0
108266	0	0	0	0	0	0	0	0	0
10196	0	0	0	2	0	0	0	0	0
146243	0	0	0	0	0	0	0	0	0
91372	0	0	0	0	0	0	0	0	0
135411	0	0	0	0	0	0	2	0	0
136019	0	0	0	0	0	0	0	0	0
167440	0	0	0	1	3	1	3	0	0
51229	0	0	0	0	0	0	0	0	0
262838	32	61	0	2	6	1	1	18	549
332958	0	0	0	0	0	0	0	0	0
222043	0	0	0	0	1	0	0	0	0
583608	0	0	0	0	0	1	0	0	0
248470	4	13	0	2	13	3	1	2	164
242005	0	0	0	0	0	0	0	0	0
355066	0	0	0	0	0	0	0	0	0
77675	0	0	0	0	0	0	0	0	0
34643	0	0	0	0	0	0	0	0	0
72374	0	0	0	0	2	0	0	0	0
564431	0	0	0	0	0	0	0	0	0
113558	0	0	0	1	0	0	0	0	0
152527	0	0	0	0	0	0	0	0	0
313060	0	0	0	0	0	0	0	0	0
9868	0	0	1	0	0	0	0	0	0
534397	0	0	0	0	0	0	0	0	0
168031	0	0	0	0	0	0	0	0	0
534898	0	1	3	9	13	1	2	2	1
9812	1	1	4	3	17	3	5	21	5
202829	0	0	0	0	0	0	0	0	0
144049	0	0	0	0	0	0	1	0	0
163340	1	0	0	0	0	0	0	0	0
30793	0	0	0	0	0	0	0	0	0
220541	0	0	0	0	0	0	0	0	0
146743	0	0	0	0	0	0	0	0	0
100956	0	0	0	0	1	0	1	1	2
171836	0	0	0	0	0	0	0	0	0
85254	0	0	0	0	0	0	0	0	0
10203	0	0	0	0	0	0	0	0	0
9356	0	0	0	1	0	0	0	0	0
526810	0	0	0	1	0	0	0	0	0
157083	0	0	0	0	0	0	0	0	0
27938	0	0	0	0	0	0	0	0	0
229171	0	0	0	0	0	0	0	0	0
58303	0	0	0	0	0	0	0	0	0
39819	0	0	1	1	1	0	0	0	0
103620	0	0	0	0	0	0	0	0	0
542642	0	0	0	0	0	0	0	0	0
248172	0	0	0	0	0	0	0	0	0
587004	0	0	0	0	0	0	0	0	0
159711	1	0	9	22	6	2	1	3	0
585817	0	1	0	1	0	0	0	0	0
471124	0	0	1	0	0	1	0	0	0
318598	0	0	0	0	0	0	0	0	0
351148	0	0	0	0	0	1	0	0	0
343089	0	0	0	0	0	0	0	0	0
535160	0	0	1	1	0	2	1	0	0
347685	0	0	0	0	0	0	0	0	0
317252	0	0	7	5	5	1	0	0	0
165313	0	0	0	0	0	0	0	0	0
166123	0	0	0	0	0	0	0	0	0
216324	0	0	0	0	0	0	1	0	0
311867	0	0	0	0	0	0	0	0	0
242603	0	0	1	0	0	0	0	0	0
254162	0	0	1	0	0	0	0	0	0
249191	0	0	15	8	2	7	3	0	1
8389	0	0	0	0	0	0	0	0	0
356287	0	0	0	0	0	0	0	0	0
60267	0	0	0	1	0	1	0	0	0
534204	0	0	0	0	0	0	0	0	0
256549	0	0	0	0	0	0	0	0	0
60258	0	0	0	0	0	0	0	0	0
248732	0	0	0	0	0	1	0	0	0
43696	0	0	0	0	0	0	0	0	0
22591	0	0	0	0	0	1	0	0	0
142310	0	0	0	0	0	0	0	0	0
129923	0	0	0	0	0	0	0	0	0
235822	0	0	0	0	0	0	0	0	0
271669	0	0	0	0	0	0	1	0	0
156712	0	0	0	0	0	0	0	0	0
185581	0	0	1	2	121	46	6	4	1
175028	0	0	0	0	0	0	0	0	0
318733	0	0	0	0	0	0	0	0	0
153124	0	0	0	0	0	0	0	0	0
396135	0	0	0	0	0	0	0	0	0
83738	0	0	0	0	0	0	0	0	0
329714	0	0	0	0	0	0	0	0	0
8215	0	0	1	0	0	1	0	0	0
145318	0	0	0	0	0	0	0	0	0
114493	0	0	0	2	1	1	0	0	0
161773	0	0	0	2	2	40	41	2	0
79509	0	0	2	0	2	3	5	0	0
8178	0	0	0	0	0	0	0	0	0
196860	0	0	0	0	0	0	0	0	0
236381	0	0	0	0	1	4	1	0	0
152723	0	0	1	0	2	1	1	0	0
211053	0	0	0	0	1	0	0	0	0
536009	0	0	0	0	0	0	0	0	0
211138	0	0	0	0	0	0	0	0	0
471448	0	0	0	0	0	0	0	0	0
8494	0	0	0	0	0	0	0	0	0
340095	0	0	1	19	2	0	0	0	0
338443	0	0	0	0	0	0	0	0	0
448893	0	0	0	0	0	0	0	0	0
140772	0	0	0	0	0	0	0	0	0
526385	0	0	0	0	0	0	0	0	0
140930	0	0	1	0	0	0	0	0	0
152595	0	0	0	0	0	0	1	0	0
70116	0	0	0	0	0	0	0	0	0
71823	0	0	0	0	0	0	0	0	0
247615	0	0	0	0	0	0	0	0	0
250586	0	0	0	0	0	0	0	0	0
275935	0	1	0	26	1	0	0	0	1
8523	0	0	2	10	1	0	0	0	0
510529	3	0	1	1	0	3	0	0	0
520731	0	0	0	0	0	0	0	0	0
73352	0	0	0	2	0	0	0	0	0
557030	0	0	0	0	0	0	0	0	0
457157	0	0	0	0	0	0	0	0	0
144968	0	0	0	0	0	0	0	0	0
140765	0	0	0	0	0	0	0	0	0
185650	0	0	0	0	0	0	0	0	0
270842	0	0	0	0	0	0	0	0	0
279231	2	0	7	53	3	2	3	0	0
89393	0	0	2	13	4	3	7	0	0
179854	0	0	0	0	0	0	0	0	0
173619	0	0	0	0	3	0	0	0	0
173614	0	0	0	0	0	0	0	0	0
158847	0	0	0	2	6	4	1	0	0
7716	0	0	0	0	0	0	0	0	0
278985	0	0	0	0	0	0	0	0	0
221119	0	0	1	0	1	2	1	0	1
101411	0	0	6	3	131	589	563	0	0
125382	0	0	0	0	0	0	0	0	0
39461	0	0	0	0	4	34	32	0	0
548160	0	2	13	19	723	3656	2819	0	1
154661	0	0	1	6	0	11	8	0	0
212454	0	0	0	0	7	21	9	0	0
530612	1	1	4	6	277	601	481	6	7
8054	0	0	0	0	6	31	43	0	0
8101	0	0	0	0	2	0	1	0	0
532152	0	0	0	0	1	0	0	0	0
279401	0	0	0	0	1	0	0	0	0
592523	0	0	0	0	0	1	1	0	0
43111	0	0	0	1	2	2	3	0	0
37302	0	0	1	0	1	1	0	0	0
286450	0	0	0	0	0	0	0	0	0
7908	0	0	0	0	0	0	0	0	0
235173	0	0	5	0	0	0	0	0	0
8006	0	0	0	0	0	0	0	0	0
48785	0	0	1	0	0	0	0	0	0
140123	0	0	1	0	0	0	0	0	0
83477	0	0	0	0	0	0	0	0	1
7509	0	0	0	0	0	0	0	0	0
280943	0	0	0	1	13	39	39	0	0
346912	0	0	0	0	0	0	0	0	0
32582	0	0	0	0	0	0	0	0	0
139981	0	0	0	0	0	0	0	0	0
157596	0	0	0	0	0	0	0	0	0
168486	0	0	0	0	0	0	0	0	0
260942	0	0	0	0	0	0	0	0	0
70247	0	0	0	0	0	1	0	0	0
7539	0	0	0	0	0	0	0	0	0
7570	0	0	0	0	0	1	0	0	0
132687	0	0	0	0	0	1	0	0	0
7555	0	0	0	0	0	0	1	0	0
7595	0	0	0	0	0	0	0	0	0
7594	0	0	0	0	1	0	1	0	0
137055	0	0	0	0	4	1	0	0	0
245026	0	0	0	0	0	0	0	0	0
7772	0	0	2	1	0	0	0	0	0
65444	0	0	0	0	0	0	0	0	0
94102	0	0	0	0	0	2	0	0	0
149965	0	0	0	0	2	0	0	0	0
79280	0	0	0	0	0	1	0	0	0
76350	0	0	11	0	1	0	0	0	0
591221	0	0	0	0	0	0	0	1	0
48518	0	0	0	0	0	0	0	0	0
109333	0	0	0	0	0	0	0	0	0
41720	0	0	2	9	0	0	0	0	0
231154	0	0	0	0	0	0	0	0	0
276010	0	0	0	0	0	0	0	0	0
179102	0	0	0	0	0	0	0	0	0
146003	0	0	1	0	0	0	0	0	0
68655	0	1	3	0	1	1	0	0	0
101644	0	0	0	0	0	0	0	0	0
214161	0	0	0	0	0	0	0	0	0
276133	0	0	0	0	1	1	0	0	0
192890	0	0	0	6	1	18	17	0	0
106286	0	0	0	0	0	0	0	0	0
355076	0	0	0	0	0	0	0	0	0
321636	0	0	0	0	0	0	0	0	0
236718	5	3	10	4	53	186	39	2	3
581967	0	0	0	0	0	0	0	0	0
332963	0	0	0	0	0	0	0	0	0
111884	0	0	2	18	0	1	3	0	0
38141	0	0	0	0	0	0	0	0	0
262452	0	0	0	0	0	0	0	0	0
74262	0	0	0	0	1	3	2	0	0
49093	0	0	0	0	0	0	1	0	0
183029	0	0	0	0	2	0	0	0	0
242798	0	0	0	0	0	1	0	0	0
214126	0	0	11	0	4	8	2	0	0
329286	0	0	0	0	0	1	1	0	0
5431	0	0	0	0	0	0	0	0	0
100639	0	0	0	0	0	0	0	0	0
150990	0	0	0	0	0	0	0	0	0
77907	0	0	0	0	0	1	0	0	0
275257	0	0	4	4	30	27	18	0	1
129415	0	0	0	0	90	107	94	0	0
5066	0	0	0	0	1	1	1	0	0
105473	0	0	0	0	0	0	0	0	0
241331	0	0	2	0	1	2	2	0	0
4708	0	0	0	0	1	1	0	0	0
146531	0	0	3	1	6	12	19	0	0
270100	0	0	0	0	0	0	0	0	0
271504	0	0	0	0	0	0	0	0	0
87984	0	0	0	0	17	16	8	0	0
63879	1	1	0	1	190	303	190	0	0
63877	0	0	0	0	0	0	0	0	0
81189	0	0	0	3	0	0	0	0	0
548603	0	0	0	6	0	0	0	0	0
166094	1	0	0	16	0	1	0	0	0
208196	0	0	0	0	0	0	0	0	0
104806	0	0	0	0	0	2	3	0	0
471399	0	0	1	6	200	281	284	0	0
161177	0	0	32	10	1046	1416	1456	1	3
4735	0	0	0	0	0	1	4	0	0
90031	0	0	0	1	1	2	0	0	0
533498	0	0	0	0	42	32	18	0	0
4641	0	0	0	0	19	129	91	0	0
175858	0	0	0	0	0	2	0	0	0
160252	0	0	0	0	0	0	0	0	0
104513	0	0	0	0	0	0	0	0	0
5683	0	0	0	0	0	0	0	0	0
163347	0	0	0	0	1	2	1	0	0
100203	0	0	1	1	2	2	1	0	0
75890	0	2	3	1	13	74	15	3	0
336200	0	0	0	0	1	1	0	0	0
148010	0	0	0	0	0	0	0	0	0
159695	0	0	0	0	0	0	0	0	0
245872	0	0	0	0	0	0	0	0	0
145150	0	0	1	0	49	15	8	0	0
135261	0	0	0	0	0	0	0	0	0
215354	0	0	0	0	0	0	0	0	0
293008	0	0	0	0	1	0	0	0	0
93537	0	0	0	0	0	0	0	0	0
146037	0	0	0	0	0	0	0	0	0
253055	0	0	0	0	0	0	0	0	0
310847	0	0	0	0	1	1	0	0	0
153572	0	0	0	1	27	2	0	0	1
186396	0	0	0	0	0	0	0	0	0
159563	0	0	1	0	52	1	2	0	0
111879	0	0	0	0	0	12	4	0	0
5771	0	0	23	40	1147	1138	1148	0	4
493135	0	0	0	0	1	0	0	0	0
47316	0	0	0	0	0	0	0	0	0
44012	0	0	86	22	1637	1043	814	0	3
86027	0	0	0	0	0	0	0	0	0
179555	0	0	1	0	0	0	0	0	0
223075	0	0	0	0	0	0	0	0	0
532163	0	0	1	11	20	74	47	0	0
352619	0	0	0	0	1	1	0	0	1
519755	0	0	0	0	0	0	0	0	0
514342	0	0	0	0	0	0	0	0	0
268065	0	0	0	0	7	5	5	0	0
532443	0	0	0	0	0	0	0	0	0
162510	0	0	0	0	1	0	0	0	0
5851	0	0	0	0	5	1	0	0	0
5563	0	0	0	0	0	0	0	0	0
104117	0	0	0	15	2	2	0	0	0
265057	0	0	32	7	1	0	0	0	0
5516	0	0	11	17	16	18	21	0	0
168859	0	0	9	62	2	3	1	0	0
570079	0	0	1	0	0	0	0	0	0
181641	0	0	0	0	0	0	0	0	0
163171	0	0	0	0	0	0	0	0	0
303674	0	0	1	1	0	0	1	0	0
4566	0	0	0	0	0	0	0	0	0
75850	0	0	0	0	0	0	0	0	0
163716	0	0	0	0	0	0	0	0	0
110239	0	0	0	0	0	0	0	0	0
255006	0	0	0	0	0	0	0	0	0
4470	0	0	0	0	0	0	0	0	0
217334	0	0	0	0	0	0	0	0	0
240686	0	0	0	0	0	0	0	0	0
77302	0	0	0	0	0	0	0	0	0
4530	0	0	0	1	0	0	0	0	0
259049	0	0	0	3	0	0	0	0	0
4529	0	0	0	1	0	0	0	0	0
306797	0	0	0	0	0	0	0	0	0
68789	0	0	0	0	0	0	0	0	0
35227	0	0	0	1	0	1	0	0	0
78316	0	0	0	2	0	0	0	0	0
129759	0	2	0	0	0	4	3	2	1
562526	1	2	4	36	170	41	30	1	1
223431	0	0	0	0	0	0	0	0	0
560773	2	0	4	98	20	6	3	0	1
585288	0	0	0	1	0	0	0	0	0
133194	0	0	1	0	0	0	0	0	0
143097	0	1	0	15	0	0	0	0	0
511687	0	0	0	6	1	0	0	0	0
563240	0	0	2	0	3	1	2	0	0
162032	0	0	0	0	0	0	0	0	0
352641	0	0	0	0	6	6	0	0	0
293215	0	0	0	3	0	0	1	0	0
543139	0	0	3	3	80	31	17	0	0
552687	0	0	0	0	0	0	0	0	0
99195	0	0	0	2	0	0	0	0	0
278777	0	0	0	0	0	1	0	0	0
158069	0	0	0	2	22	15	11	1	0
149938	0	0	0	5	1	0	0	0	0
251218	0	0	0	0	6	2	0	0	0
226200	0	0	0	0	0	0	0	0	0
222699	0	0	0	20	1	2	2	0	0
6204	0	0	0	0	1	0	0	0	0
230648	0	0	0	0	2	8	3	0	0
331282	0	0	0	0	0	0	0	0	0
494339	0	0	1	2	46	26	7	0	0
590580	0	0	0	0	0	0	0	0	0
18013	0	0	0	0	0	0	0	0	0
188464	0	0	0	0	0	0	0	0	0
389987	0	0	0	8	5	0	0	1	0
354042	0	0	0	0	0	0	0	0	0
238508	0	0	0	1	2	0	0	0	0
31402	0	0	3	47	0	1	1	0	0
185783	0	0	0	0	0	0	0	0	0
130031	0	0	0	0	0	0	0	0	0
134597	0	0	0	0	10	27	24	0	0
255870	0	0	0	0	0	0	0	0	0
471442	0	0	0	0	0	0	0	0	0
246904	0	0	0	0	0	0	0	0	0
284321	0	0	5	4	137	1292	1442	0	1
187961	0	0	0	0	0	17	32	0	0
10860	0	0	1	2	18	299	227	0	0
548614	0	0	0	0	0	14	16	0	0
10845	0	0	1	1	21	77	119	0	0
151169	0	0	0	0	4	53	44	0	0
576808	0	0	1	0	2	21	19	0	0
261781	0	0	0	0	3	58	45	0	0
10858	0	1	0	1	17	308	464	0	1
275861	0	0	0	0	0	2	3	0	0
10857	0	0	0	0	0	8	7	0	0
10829	0	0	0	0	0	0	0	0	0
545830	0	0	0	0	0	0	0	0	0
128536	0	0	0	0	0	0	0	0	0
49295	0	0	35	6	33	136	79	0	0
171640	0	0	1	0	6	10	14	0	0
137426	0	0	0	0	0	0	1	0	0
38566	0	0	0	0	1	0	0	0	0
247981	0	0	2	3	0	0	4	0	0
39056	0	0	0	0	0	0	0	0	0
248001	0	0	0	0	0	0	0	0	0
10651	0	0	0	0	0	0	0	0	0
177418	0	0	2	1	50	137	173	0	2
259044	0	0	0	0	0	0	0	0	0
140591	0	0	0	0	8	29	36	0	0
132337	0	0	3	3	133	449	493	0	1
104131	0	0	0	1	1	11	13	0	0
140482	0	0	1	1	42	70	124	2	1
287305	0	0	0	0	0	0	0	0	0
154451	0	0	0	0	0	0	0	0	0
244965	0	0	0	0	0	0	0	1	0
325922	0	0	0	0	0	0	0	0	0
314128	0	0	0	0	0	0	0	0	0
125969	0	0	0	0	0	0	0	0	0
361804	0	0	2	0	0	0	1	0	1
2394	0	0	0	0	0	1	0	0	0
59534	0	0	0	0	0	0	0	0	0
584759	0	0	0	0	0	0	0	0	0
268479	0	0	0	1	0	0	0	0	0
579933	0	0	0	0	0	0	0	0	0
58543	0	0	18	1	5	2	1	0	0
544271	0	0	6	1	0	0	0	0	0
140960	0	0	17	1	7	2	1	0	0
325093	0	0	1	10	1	0	0	0	0
324969	0	0	2	0	0	0	0	0	0
172143	1	0	56	13	34	6	21	0	0
544153	0	0	1	0	0	0	0	0	0
257508	0	0	1	0	0	0	0	0	0
140859	0	0	508	40	28	3	15	0	0
36481	0	0	2	1	0	0	0	0	0
207627	0	0	1	0	0	0	0	0	0
382056	0	0	6	1	0	0	0	0	0
471192	0	1	2468	1819	21	4	10	0	0
77276	0	0	27	0	0	0	0	0	0
447658	0	0	3	0	0	0	0	0	0
515258	0	0	0	0	0	0	0	0	0
140763	0	0	2	0	0	0	0	0	0
201647	0	0	0	1	0	0	0	0	0
311503	0	0	3	0	0	0	0	0	0
180016	0	0	0	0	0	0	0	0	0
145286	0	0	0	0	0	0	0	0	0
160771	0	0	0	0	0	0	0	0	0
142668	0	0	0	0	0	0	0	0	0
519516	0	0	0	0	0	0	0	0	0
152380	0	0	0	0	0	0	0	0	0
360101	0	0	0	0	0	1	0	0	0
560027	0	0	0	0	0	0	0	0	0
357986	1	0	0	0	0	0	0	0	0
152060	0	0	0	0	1	0	0	0	0
58630	0	0	0	0	0	0	0	0	0
233273	0	0	0	0	3	1	1	0	0
162099	0	0	0	0	0	0	0	0	0
257992	0	0	0	0	0	0	0	0	0
577339	0	0	1	0	0	0	2	0	0
2269	0	0	0	0	0	0	0	0	0
46641	0	0	0	0	0	6	0	0	0
148090	0	0	0	0	0	0	0	0	0
30861	0	0	0	0	0	0	0	0	0
2000	41	97	0	0	81	1	3	77	10235
130663	1	1	0	0	0	0	0	0	38
130007	85	137	0	0	0	0	0	2	14
2045	7	12	1	0	0	0	0	1	0
322235	95810	48113	40	11	168	16	15	6359	17859
184209	1	4	0	0	0	0	0	0	0
349216	3	3	0	0	0	0	0	0	1
469832	0	1	0	0	0	0	0	0	0
360785	4	2	0	0	0	0	0	0	1
469778	13	23	22	4	173	21	11	69	26
469709	42	44	1	0	0	0	0	11	1
315575	10	19	12	6	86	8	4	40	13
130228	5	11	8	1	67	5	4	22	6
256830	0	4	0	0	0	0	0	0	0
114946	1	1	14	5	2	3	2	1	1
484332	1	2	1	0	16	3	2	4	2
471156	0	3	57	2	7	2	4	0	1
471122	12	15	768	37	94	38	64	21	10
108137	0	0	0	0	0	0	0	0	0
56320	0	0	0	0	0	0	0	0	0
484401	0	0	5	1	3	6	0	0	0
102425	1	1	3	3	0	0	0	0	0
289828	0	0	0	0	0	0	0	0	0
106565	1	0	2	0	0	2	0	0	0
530801	1	3	6	0	3	0	1	3	0
2222	4	0	1	0	1	1	0	1	0
544531	0	0	2	0	2	3	0	0	0
484338	0	0	1	0	2	0	1	0	1
322715	0	0	0	0	0	0	0	0	0
332311	211	56	3	2	31	6	4	36	35
469800	8	2	0	0	1	0	0	2	0
363625	42	154	0	0	0	0	0	2	3
365909	161	555	1	1	4	0	0	26	35
258691	0	2	0	0	0	0	0	0	0
248140	1482	39920	62	14	155	19	20	240	524
318215	46	307	0	0	0	0	0	8	8
256779	0	1	0	0	0	0	1	0	0
571828	0	0	0	0	1	0	0	0	0
1950	0	0	0	0	0	0	0	0	0
63166	0	0	0	0	0	0	0	0	0
470807	0	0	1	1	0	0	0	0	0
93513	0	0	0	0	0	0	0	0	0
22635	0	0	5	0	0	0	0	0	0
291090	26744	63270	58	2	41	13	13	56	3396
303877	2	6	0	0	0	0	0	0	0
585914	53	15	0	0	0	0	0	0	1
186233	2	11	0	0	0	0	0	0	1
470761	5	7	13	2	94	12	7	32	11
546042	0	84	0	0	0	0	0	0	0
259569	32411	77724	50	14	84	20	13	65	2385
46477	0	1	0	0	0	0	0	0	0
276940	0	0	0	0	0	0	0	0	0
414628	0	0	1	0	0	0	0	0	0
196049	0	1	0	0	1	0	0	0	0
470996	0	0	0	0	0	0	0	0	0
350649	0	0	3	0	1	0	0	0	0
342865	0	0	4	0	31	103	56	0	1
566830	0	0	0	0	0	0	0	0	0
126906	0	0	0	0	0	0	0	0	0
161173	0	0	0	0	0	0	0	0	0
137491	0	0	0	0	0	0	0	0	0
172112	0	0	1	0	0	0	0	0	0
306350	0	0	1	1	0	0	0	0	0
58635	0	0	78	0	0	0	0	0	0
163626	0	0	0	0	0	0	0	0	0
55666	0	0	0	0	0	0	0	0	0
2573	0	0	0	0	0	0	0	0	0
228517	0	0	2	1	0	0	0	0	0
273031	0	1	0	1	0	0	0	1	0
259026	0	0	0	0	0	0	0	0	0
579046	0	0	0	0	0	0	0	0	0
2550	0	0	0	0	1	0	0	0	0
164755	0	0	0	0	2	5	6	0	0
532169	0	0	0	0	0	0	0	0	0
132219	0	0	0	1	0	0	0	0	0
143109	0	0	0	2	0	0	0	0	0
138931	0	0	0	0	0	0	0	0	0
1415	0	0	0	0	0	0	0	0	0
55007	0	0	0	0	0	0	0	0	0
138843	0	0	0	6	0	0	0	0	0
516998	0	0	1	1	0	0	0	0	0
288106	0	0	0	0	0	0	0	0	0
292815	0	0	0	0	0	0	0	0	0
3581	0	0	0	0	0	0	0	0	0
329327	0	0	0	0	0	0	0	0	0
293363	0	0	0	0	0	0	0	0	0
159436	0	0	0	0	0	4	1	0	0
150977	0	0	0	0	0	0	0	0	0
131989	0	1	0	0	3	30	49	0	0
1549	0	0	0	0	0	0	0	0	0
557073	0	0	0	0	0	0	0	0	0
238021	0	0	0	0	2	0	0	0	0
278234	4558	15	0	0	16	0	1	270	1163
102890	0	0	19	148	702	27	8	0	2
1591	0	0	2	0	5	0	0	0	0
1592	0	0	0	2	70	0	1	0	0
248041	0	1	20	147	743	24	12	1	3
347528	1	0	0	19	8	4	1	0	0
235858	0	2	0	0	0	0	0	0	0
111528	0	0	0	0	0	2	0	0	0
2936	0	0	0	0	0	0	0	0	0
136933	0	0	0	1	0	0	3	0	0
2920	0	0	0	0	0	0	0	0	0
580742	0	0	0	0	0	0	1	0	0
544430	0	0	0	0	0	0	0	0	0
2808	0	0	0	0	0	0	0	0	0
2826	0	0	0	0	8	15	4	0	0
2849	0	0	0	0	0	0	0	0	0
237556	0	0	0	0	0	0	0	0	0
139631	0	0	0	0	0	0	0	0	0
2845	0	0	0	0	1	0	0	0	0
200550	0	0	0	0	0	0	0	0	0
517456	0	0	0	5	0	0	1	0	0
250059	1	0	0	0	2	0	0	0	0
585054	0	0	0	0	0	0	0	0	2
186029	46	20	0	0	12	0	0	7	976
186254	0	0	0	0	0	0	0	0	2
469663	0	0	0	0	0	0	0	0	0
471157	0	0	0	0	0	0	0	0	0
11372	208	0	1	0	5	0	0	248	255
11353	0	0	0	0	0	0	0	0	0
1277	0	0	0	0	0	1	1	0	0
89770	441	4	0	0	0	0	0	1	0
44695	0	0	0	0	0	0	0	0	1
295560	0	0	0	0	0	0	0	0	0
344553	0	0	0	0	1	0	0	1	1
326083	0	0	0	0	0	0	0	0	0
338957	0	1	0	0	1	1	2	1	0
350677	0	0	0	0	0	0	0	0	0
319790	0	0	0	0	14	40	37	0	0
14207	0	0	0	0	1	1	3	0	0
137817	0	0	0	0	0	0	0	0	0
210652	0	0	0	0	0	0	0	0	0
159888	0	0	0	0	0	0	0	0	0
14263	0	0	0	0	0	0	0	0	0
268507	110	1	0	0	0	0	0	1	0
448805	4	0	0	0	0	0	0	0	0
266777	395	53	0	0	0	0	0	7	0
565812	347	22	2	2	1	0	0	33	8
14277	205	1	0	0	0	1	1	7	0
489717	5	0	0	0	0	0	0	0	0
182104	3271	9	0	0	1	1	0	51	16
83175	397	1	0	0	0	0	1	4	1
180390	11	0	0	0	0	0	0	0	0
364655	156	1	0	0	0	1	0	7	1
14282	0	0	0	0	0	0	0	0	0
567933	4	0	0	0	0	0	0	0	0
14288	2	0	0	0	0	0	0	0	0
175062	16	0	0	0	0	0	0	0	0
448819	1234	4	0	0	0	0	0	12	2
359171	13	17	14	8	155	11	4	73	13
181489	1	1	1	0	0	1	0	2	7
259130	0	0	0	0	4	0	0	58	619
469661	5	1	0	5	31	4	1	23	39
471257	0	0	0	0	0	0	0	0	0
16182	0	0	0	0	0	4	2	0	0
60741	0	0	0	0	0	2	1	0	0
287160	0	2	4	13	693	2718	1680	0	1
543718	0	0	0	0	0	0	0	0	0
108384	0	0	0	0	0	1	6	0	0
288756	1	3	0	0	0	0	0	0	0
437215	0	0	0	0	0	1	0	0	0
315982	0	0	0	0	1	1	0	0	0
523589	0	0	0	0	0	0	1	0	0
541328	0	0	0	0	0	1	1	0	0
16231	0	0	0	0	7	37	41	0	0
130271	0	0	0	0	0	1	0	0	0
165261	661	167	1	1	8	0	1	587	325
308873	0	0	0	0	0	0	0	0	0
469744	165	32	0	0	0	0	0	1	1
107235	0	3	0	0	0	0	0	0	0
41119	8	15	0	0	0	0	0	0	0
49276	3	9	0	0	0	0	0	0	1
206631	0	0	0	0	0	0	0	1	0
365763	0	0	0	0	0	0	0	0	4
255798	1	0	0	0	0	0	0	1	1
175932	0	0	0	0	0	0	0	0	12
571472	0	0	0	0	0	0	0	0	1
594268	0	1	0	0	0	0	0	0	0
299390	20	16	3	1	4	0	0	19	24
192025	0	1	0	0	0	0	0	1	0
290362	1	0	0	0	0	0	0	0	0
365310	0	0	0	1	0	0	0	0	9
369814	7	2	0	1	0	0	0	48	34
594253	1	0	0	0	0	0	0	1	0
199006	0	0	0	0	0	0	0	5	0
186357	0	0	0	0	0	0	0	0	1
177404	1	0	0	0	0	0	0	1	3
318444	19	26	1	2	32	1	2	25	35
291815	0	0	0	0	0	0	0	0	0
183487	0	0	0	0	0	0	0	1	0
304309	0	0	0	0	0	0	0	0	0
302128	6	27	0	0	1	0	0	37	164
208029	2	0	0	0	0	0	0	0	0
295456	1	0	0	0	0	0	0	4	5
301090	0	0	0	0	0	0	0	0	5
334041	0	0	0	0	0	0	0	0	0
291684	1	1	0	0	2	0	0	4	2
289555	1	0	0	0	0	0	0	0	1
183955	0	0	0	0	0	0	0	0	3
304393	0	0	0	0	0	0	0	0	1
362428	0	0	0	0	0	0	0	1	0
246042	0	0	0	0	0	0	0	2	3
37865	2	2	0	0	0	0	0	1	0
471000	0	0	0	0	0	0	0	2	12
92464	0	0	0	0	0	0	0	0	0
177772	124	50	0	0	0	0	0	204	62
192990	6	44	0	0	0	0	0	181	10
186077	14	121	0	0	1	0	0	299	28
177520	52	237	0	0	2	0	0	567	18
198071	10	11	0	0	0	0	0	28	3
186955	46	30	0	0	1	0	0	50	9
512903	9	0	0	0	0	0	0	0	1
193343	453	4059	0	0	6	1	2	7845	850
302746	2	2	0	0	0	0	0	10	2
357795	1716	15219	22	5	47	8	10	29060	3754
175518	23	150	0	0	0	0	0	378	35
184910	1	13	0	0	0	0	0	15	1
183969	1	5	0	0	0	0	0	11	2
193067	6	21	0	0	0	0	0	31	5
311423	15	1	0	0	0	0	0	1	2
175208	27	12	0	0	0	0	0	33	3
104573	0	0	0	0	0	0	0	1	0
62513	1	1	0	0	0	0	0	0	0
514200	0	0	0	0	0	0	0	1	0
471120	1	2	0	0	0	0	0	0	1
470747	10	19	193	6	26	12	10	6	47
469991	616	104	1	0	42	0	3	316	5301
302306	0	0	0	0	0	0	0	1	3
470969	0	0	0	0	0	0	0	0	4
363692	13	20	1	0	29	0	0	169	4204
184729	0	0	0	0	0	0	0	0	3
342397	4	9	0	0	16	0	0	72	1677
198251	0	0	0	0	0	0	0	1	5
339852	0	0	0	0	0	0	0	0	2
261912	1041	98	8	2	90	3	4	3966	7464
470973	1371	439	22	5	208	17	9	17736	9733
470172	31268	23	8	4	3	2	1	31	9
332450	48	0	0	0	0	0	0	1	1
469824	1	2	2	1	10	1	1	7	1
14129	0	0	0	0	0	0	0	0	0
569196	0	0	0	0	0	0	0	0	0
470114	44	33	1	1	43	0	0	2900	5429
368362	16	19	0	0	1	0	0	29	33
180665	1	3	0	0	0	0	0	1	3
184511	1	3	0	0	0	0	0	5	3
132991	0	2	0	0	0	0	1	0	5
177918	0	1	0	0	0	0	0	0	0
188646	361	197	0	1	33	1	1	1412	4897
361581	27	18	0	0	1	0	0	31	21
190675	2	1	0	0	0	0	0	4	8
180304	133	87	2	1	2	0	1	154	113
171551	50756	13671	25	15	383	31	20	89061	59615
290260	15724	4865	19	8	129	23	11	28263	17934
367433	10856	6298	18	6	65	12	1	12102	8901
185734	121	34	0	0	1	0	0	209	137
194986	5	5	0	0	0	0	0	15	7
173874	0	0	0	0	0	0	0	0	1
194654	13	15	0	0	0	0	0	17	6
337270	2	0	0	0	0	0	0	2	1
93647	0	0	0	0	0	1	0	0	0
261022	18	1	2	0	12	1	0	149	25
291566	1	4	0	0	0	0	0	26	2
228330	0	1	0	0	0	0	0	0	0
563574	0	0	0	0	0	0	0	2	0
533488	0	0	0	0	0	0	0	0	0
99603	0	0	0	0	0	0	0	0	0
264510	1	2	0	0	0	0	0	3	2
16066	0	1	0	0	0	0	0	12	2
291859	0	1	0	0	0	0	0	3	2
290894	0	1	0	0	0	0	0	4	1
254943	14	4	0	0	0	0	0	25	2
269833	9768	1435	4	0	6	3	3	10415	152
103352	0	0	0	0	0	0	0	0	0
268653	0	0	0	0	0	0	0	6	1
470117	5	1	2	0	33	2	0	60	163
583700	0	0	0	0	0	0	0	0	0
59386	0	0	0	0	0	0	0	0	0
556428	0	0	0	0	0	0	0	0	0
239864	0	0	0	0	0	0	0	0	0
242528	0	0	0	0	0	0	0	0	0
249745	0	0	0	0	0	0	0	0	0
60380	0	0	0	0	0	0	0	0	0
580042	0	0	0	0	0	0	1	0	0
274005	0	0	0	0	0	0	0	0	0
103155	0	0	0	0	0	0	1	0	0
256522	0	0	0	0	0	0	0	0	0
91686	0	0	0	0	0	0	1	0	0
106622	0	0	0	0	0	0	0	0	0
409809	0	0	1	0	0	1	0	0	0
144299	0	0	0	0	0	0	1	0	0
203725	0	0	0	0	0	0	0	0	0
278527	0	0	0	0	0	0	0	0	0
575425	0	0	0	0	2	2	2	0	0
561548	0	0	0	0	0	1	0	0	0
540317	0	0	0	0	0	0	0	0	0
32275	0	0	0	0	0	0	0	0	0
532740	0	0	1	0	1	4	1	0	0
239866	0	0	0	0	0	0	0	0	0
14648	0	0	0	0	0	0	0	0	0
581181	1	0	0	0	0	0	0	0	0
69411	0	0	0	0	0	0	0	0	0
14628	0	0	1	0	0	1	2	0	0
89853	0	0	0	1	0	0	2	0	0
81504	0	0	0	0	0	0	0	0	0
24211	0	0	0	0	0	0	0	0	0
110985	0	0	0	0	0	0	1	0	0
270179	0	0	0	0	0	0	0	0	0
568117	0	0	0	0	0	0	0	0	0
114233	0	0	0	0	0	0	0	0	0
112926	0	0	0	0	0	0	0	0	0
539360	0	0	0	0	0	1	0	0	0
240315	0	0	0	0	0	0	0	0	0
528019	0	0	0	0	0	0	0	0	0
277136	0	0	0	0	2	0	4	0	0
571004	0	0	0	0	1	2	2	0	0
590554	0	0	0	0	0	0	0	0	0
183736	0	0	0	0	0	0	0	0	0
14990	0	0	0	0	0	0	0	0	0
555419	0	0	0	0	1	0	0	0	0
290167	0	0	0	0	0	0	0	0	0
330402	0	0	0	0	0	0	0	0	0
292404	0	0	0	0	0	0	0	0	0
522930	0	0	0	0	0	0	0	0	0
154106	1	0	1	0	3	1	0	0	0
370030	0	0	0	0	0	0	0	0	0
15237	0	0	0	1	0	0	0	0	0
15238	0	0	0	0	0	0	0	0	0
399527	0	0	0	0	0	0	0	0	0
37420	0	0	0	0	0	0	0	0	0
382771	0	0	0	0	0	0	0	0	0
28186	2	0	0	0	0	1	0	0	0
590982	0	0	0	0	0	0	0	0	0
53470	0	0	0	0	0	0	0	0	0
15298	0	0	0	0	0	0	0	0	0
561594	0	0	0	0	0	1	1	0	0
20595	0	0	0	0	0	0	0	0	0
137557	0	0	0	0	0	0	0	0	0
17976	0	0	0	0	0	0	0	0	0
132661	0	0	0	0	0	0	0	0	0
115230	0	0	0	0	0	0	0	0	0
143718	0	0	0	0	0	0	0	0	0
140940	0	2	2	0	3	1	1	1	0
276183	0	0	0	0	0	0	0	0	0
170136	0	0	0	0	0	0	0	0	0
15054	1	1	0	0	1	1	0	0	2
470477	6	4	55	5	5	4	5	2	3
95500	0	0	0	0	0	0	0	0	0
469920	0	2	0	0	0	0	0	0	31
175947	0	1	0	0	0	0	0	0	0
73154	0	0	0	0	0	0	0	0	0
358614	0	0	0	0	0	0	0	0	0
15571	0	0	0	0	0	0	0	0	0
98605	62	67	425	18	67	54	43	25	28
154802	0	0	0	0	0	0	0	0	0
18951	0	0	0	0	0	0	0	0	0
511532	1	0	1	0	0	0	0	0	1
244707	0	0	0	0	0	0	0	0	0
35049	0	0	0	0	0	0	0	0	0
15462	0	0	0	0	1	0	0	0	0
534193	8	3	6	1	3	2	0	4	2
108747	931	233	685	7	88	35	45	205	1273
35624	0	0	0	0	0	0	0	0	0
144643	1	0	3	1	1	1	1	1	0
191458	0	0	0	0	0	0	0	0	0
370433	0	0	3	5	6	6	0	1	2
169991	0	0	1	0	0	0	0	0	1
15382	1	1	4	0	2	0	0	0	0
72003	3	2	2	0	0	0	0	0	2
139660	0	5	0	0	0	0	0	0	0
36800	0	0	0	0	0	0	0	0	0
44359	0	0	0	0	0	0	0	0	0
15357	1	2	1	0	1	0	0	0	0
305263	1	0	0	0	1	0	0	1	0
15431	0	0	0	0	0	0	0	0	0
55342	0	0	0	0	0	0	0	0	0
70091	0	0	0	0	0	0	0	0	0
86780	0	0	0	0	0	0	0	0	0
328458	0	0	1	0	1	0	0	1	0
455671	0	0	0	0	0	0	0	0	0
360402	0	0	0	0	0	0	0	0	0
15176	0	0	0	0	0	0	0	0	0
179415	0	0	0	0	0	0	0	0	0
79835	0	0	0	0	0	0	0	0	0
15141	0	0	0	0	0	0	0	0	0
484444	0	0	0	0	0	0	0	0	0
376024	0	0	0	0	0	0	0	0	0
270383	0	0	0	0	0	0	0	0	0
268592	0	0	0	0	0	0	0	0	0
15208	0	0	1	0	0	0	0	0	0
471308	0	0	0	0	0	0	0	0	0
301883	0	0	0	0	0	0	0	0	0
470663	0	0	0	0	0	0	0	0	0
327765	0	0	0	0	0	0	0	0	0
250395	0	0	0	2	0	0	0	0	0
470603	0	0	0	0	0	0	0	1	0
202045	0	0	0	0	0	0	0	0	0
15129	0	0	0	0	0	0	0	0	0
252321	27	2	1	0	0	0	0	39	2
139748	0	0	0	0	0	0	0	0	0
470599	0	1	0	0	0	0	0	0	0
541987	0	0	0	2	0	0	0	0	0
331583	0	0	0	0	0	0	0	0	0
152001	0	0	0	0	0	0	0	0	0
217996	0	0	0	0	0	0	0	0	0
218488	0	0	0	0	0	0	0	0	0
157775	0	0	0	0	0	0	0	0	0
338191	0	0	0	0	0	0	0	0	0
173469	0	0	0	0	0	0	0	0	0
154509	0	0	0	0	0	0	0	0	0
354779	0	0	0	0	0	0	0	0	0
586238	0	0	0	0	0	0	0	0	0
158047	0	0	0	0	0	0	0	0	0
120648	0	0	0	0	0	0	0	0	0
428705	0	0	0	0	0	2	0	0	0
181589	0	0	0	0	0	0	0	0	0
326116	0	0	0	0	0	0	0	0	0
165813	0	0	0	0	0	0	0	0	0
192272	0	1	0	0	1	0	0	0	0
28012	0	0	0	0	0	0	0	0	0
82008	0	0	0	0	0	0	0	0	0
150398	0	0	0	0	0	0	0	0	0
77692	0	0	0	0	0	0	0	0	0
99527	0	0	0	0	0	0	0	0	0
77934	0	0	0	0	0	0	0	0	0
150342	0	0	0	0	0	0	0	0	0
250537	0	0	0	0	0	1	0	0	0
583230	0	0	0	0	0	0	0	0	0
554326	0	0	0	0	0	0	0	0	0
553272	0	0	0	0	0	0	0	0	0
345394	0	0	0	0	0	1	0	0	0
91824	0	0	0	0	0	0	0	0	0
48149	0	0	0	0	0	0	0	0	0
418246	0	0	0	0	0	0	0	0	0
14363	0	0	0	0	0	1	1	0	0
173423	0	0	0	0	0	0	0	0	0
252209	0	0	0	0	0	2	2	0	0
94821	0	0	0	0	0	0	0	0	0
251174	0	0	0	0	0	0	0	0	0
99771	0	0	0	0	0	0	0	0	0
14416	0	0	0	0	0	0	0	0	0
516425	0	0	0	0	0	0	1	0	0
78004	0	0	0	0	0	0	0	0	0
88727	0	0	0	0	0	0	0	0	0
368045	0	0	0	0	0	0	0	0	0
362557	0	0	0	0	0	0	0	0	0
471352	0	0	0	0	0	0	0	0	0
145293	0	0	0	0	0	0	0	0	0
421872	0	0	0	0	0	0	0	0	0
536376	0	0	0	0	0	0	0	0	0
133383	0	0	0	0	0	0	0	0	0
19970	0	0	0	0	0	0	1	0	0
63190	0	0	0	0	0	0	0	0	0
337187	1	1	0	0	0	0	0	0	0
470993	0	0	0	0	0	0	0	0	0
470691	1	2	0	2	20	6	2	7	2
239386	0	0	0	0	0	0	0	0	0
303487	0	0	0	0	0	0	1	0	0
13825	75	0	0	0	1	0	0	0	0
358364	0	2916	0	0	1	0	0	595	10
470239	0	2	0	0	0	0	0	1	0
109771	1	0	0	0	0	0	0	0	0
13823	0	0	0	0	0	0	0	0	0
516119	9	0	0	0	1	0	0	0	1
114821	109	33	314	14	62	46	28	32	16
471370	2	2	3	2	26	4	1	10	1
170284	0	0	0	0	1	0	4	0	0
258659	0	0	0	0	0	3	1	0	0
315671	0	0	0	0	0	0	1	0	0
74312	0	0	0	0	0	0	0	0	0
96132	0	0	0	0	0	0	0	0	0
240047	0	0	0	0	3	6	12	0	0
26036	0	0	0	0	0	0	1	0	0
250833	0	0	0	1	14	37	58	0	0
238813	0	0	0	0	0	0	1	0	0
521688	0	0	0	0	0	1	0	0	0
523249	0	0	0	0	0	0	0	0	0
484439	7	0	0	0	0	0	0	0	0
