otus	M31Plmr	M11Plmr	F21Plmr	M31Tong	M11Tong	LMEpi24M	SLEpi20M	AQC1cm	AQC4cm	AQC7cm
951	0	1	0	0	0	0	0	0	0	0
155495	0	0	0	0	0	0	0	0	0	0
1029	0	0	0	0	0	0	0	0	0	0
341551	0	0	0	0	0	0	0	0	0	0
108964	0	2	6	1	0	1	0	1	0	1
330416	0	0	0	0	0	0	0	0	0	0
546313	1	0	1	1	0	0	0	1	0	0
548602	0	0	0	0	0	0	0	0	0	0
564501	0	0	0	0	0	0	0	0	0	1
47778	0	5	0	0	0	0	0	0	0	0
54107	0	3	35	0	0	0	0	0	0	0
25116	0	0	1	0	0	0	0	0	0	0
71074	23	48	58	2	0	1	1	0	1	0
252853	0	0	0	0	0	0	0	0	0	0
100679	5	11	19	0	0	1	0	0	0	1
540349	0	1	0	0	0	0	0	0	0	0
101071	11	0	8	0	0	1	0	0	0	0
1143	0	0	0	0	0	0	0	0	0	0
141739	0	0	0	0	0	0	0	0	0	0
548723	0	0	0	0	0	0	0	0	0	0
542636	0	0	0	0	0	0	0	0	0	0
526502	0	0	0	0	0	0	0	0	0	0
152431	0	0	0	0	0	0	0	4	25	25
55681	0	0	0	0	0	0	0	0	9	7
206978	0	0	0	0	0	0	0	4	26	38
467541	0	0	0	0	0	0	0	0	0	0
557121	0	0	0	0	0	0	0	0	1	0
524986	0	0	0	0	0	0	0	0	1	0
212360	0	0	0	0	0	0	0	1	0	0
79	0	0	0	0	0	0	0	23	70	86
101553	0	0	0	0	0	0	2	26	71	59
150294	0	0	0	0	0	0	0	0	0	0
547463	0	0	0	0	0	0	0	0	0	0
227785	0	0	0	4	0	1	0	7	0	0
368907	254	292	20	1	2	1	0	0	0	0
12724	2	1	0	0	0	0	0	0	0	0
93749	1	0	0	0	0	0	0	0	0	0
165106	0	0	0	0	0	0	0	0	0	0
137567	8	2	0	0	0	0	0	4	0	0
99516	1	5	0	0	0	0	0	0	0	0
12789	1	0	0	0	0	0	0	0	0	0
140932	1	0	0	0	0	0	0	0	0	0
255749	6	32	4	0	1	0	0	0	0	0
305897	2	1	1	0	0	0	0	0	0	0
150663	0	0	0	0	0	0	0	0	0	0
12029	0	0	0	0	0	0	0	0	0	0
554990	0	1	0	0	0	0	0	0	0	0
12039	0	1	0	8	0	0	0	0	0	0
12045	0	0	0	0	0	0	0	0	0	0
576085	2	6	1	0	0	0	0	0	0	0
104948	0	0	0	0	0	0	0	0	0	0
12046	0	0	2	0	0	0	0	0	0	0
100757	0	0	2	1	1	0	0	0	0	0
246769	0	0	0	0	0	0	0	0	0	0
105568	0	0	0	0	0	0	0	0	0	0
25615	6	0	0	0	0	0	0	0	0	0
11984	0	0	0	0	0	0	0	0	0	0
89696	0	22	2	0	0	0	0	0	0	0
471203	0	0	0	0	0	0	0	0	0	0
589503	1	0	1	0	0	0	0	0	0	0
19369	0	0	0	0	0	0	0	0	0	0
23223	0	0	0	0	0	0	0	0	0	0
319018	0	0	0	0	0	0	0	0	0	0
12151	0	0	0	0	0	0	0	0	0	0
12098	0	0	0	0	0	0	0	0	0	1
12065	0	0	0	0	0	0	0	0	0	0
12131	1	0	0	2	0	0	0	0	0	0
214752	0	0	0	0	0	0	0	0	0	0
154705	8	0	5	0	0	0	0	0	0	0
533172	0	1	0	0	1	32	1	0	0	0
54677	0	0	0	0	0	0	0	0	0	0
13016	0	0	0	0	0	0	0	0	0	0
13013	0	0	5	0	0	1	0	0	0	0
31830	1	17	1	0	0	0	0	0	0	0
85863	0	12	0	0	0	0	0	0	0	0
175954	19	80	46	0	0	1	2	3	2	4
12913	0	2	0	0	0	0	0	0	0	0
133017	0	0	0	0	0	0	0	0	0	0
12970	0	5	0	0	0	0	0	0	0	0
248764	0	0	0	0	0	0	0	0	0	0
246206	0	2	0	0	0	0	0	0	0	0
33829	0	1	0	0	0	0	0	0	0	1
12979	3	4	0	0	0	0	0	1	0	0
12995	0	0	0	0	0	0	0	0	0	0
12993	0	0	0	0	0	0	0	0	0	0
238963	0	0	0	1	1	0	0	1	1	0
240258	0	0	0	0	0	0	0	0	0	0
515421	0	0	0	1	0	0	0	0	0	0
12808	0	0	0	0	0	0	0	0	0	0
369289	0	0	0	0	0	0	0	0	1	1
43093	0	0	1	1	0	1	0	0	1	0
38986	0	0	0	0	0	0	0	0	0	0
265094	14	15	1	1	1	0	0	1	0	2
273055	9	42	73	4	0	1	1	3	2	1
536662	0	0	0	1	0	0	0	2	1	0
250002	2	1	0	0	0	0	0	2	0	0
34467	2	0	0	0	0	0	0	0	0	0
33446	0	0	0	0	0	0	0	0	0	0
33286	0	0	0	0	0	0	0	2	2	1
18850	0	0	0	0	0	0	0	0	0	0
278310	0	0	0	0	0	0	0	0	0	0
332727	0	0	0	0	0	0	0	0	0	0
151293	3	0	0	0	0	0	0	0	0	1
352835	0	0	0	0	0	0	0	0	0	1
258956	0	0	0	0	0	0	0	2	2	6
308245	3	1	0	0	0	0	0	0	0	0
253324	0	0	0	0	0	0	3	5	14	41
242867	0	0	0	0	0	0	0	6	3	3
250390	0	0	0	0	0	0	0	1	0	0
199229	0	0	0	0	0	0	0	0	0	0
236179	1	5	0	0	0	1	0	2	1	1
11428	1	12	6	0	0	1	0	1	0	0
575032	0	0	0	0	0	0	0	0	0	0
242751	21	88	22	0	1	5	7	0	0	0
80600	0	0	1	0	0	0	0	0	0	0
12296	4	51	0	25	0	2	1	0	0	0
148208	0	2	0	0	0	0	0	0	0	0
212534	0	0	0	2	0	37	1	1	1	0
73379	1	4	1	0	1	9	0	1	1	0
12163	0	0	0	0	0	7	0	0	0	0
311254	1	2	0	0	4	223	3	0	1	0
240200	0	0	0	8	101	9210	1164	16	5	20
240435	0	5	2	11	26	1301	68	8	10	8
21685	0	0	0	1	4	75	0	0	0	1
323846	1	0	0	0	0	1	0	0	0	0
172749	0	0	0	0	0	0	0	0	0	0
349277	26	5	2	0	0	2	1	2	4	1
348790	1	1	0	0	0	3	0	0	0	0
130665	1	1	0	1	0	27	0	0	0	2
266945	1	0	2	0	0	5	0	3	0	2
12168	0	0	0	0	0	2	0	0	0	0
79881	5	13	4	0	0	33	0	1	1	6
19936	56	17	7	0	0	141	17	3	1	0
50557	1	1	2	0	0	4	1	2	9	7
35440	63	106	29	0	1	120	17	3	3	2
173906	0	2	0	0	0	0	0	0	2	0
12175	1	0	0	0	0	23	0	1	0	0
95950	1	0	3	0	0	0	0	0	0	0
277142	0	0	2	0	0	0	0	0	0	0
29284	4	93	2	1	0	0	5	2	2	3
145846	75	140	63	2	0	0	1	1	2	2
12533	16	285	10	0	0	0	0	1	0	0
12541	21	28	1	2	0	3	1	0	0	0
104526	7	7	1	1	0	0	1	0	0	0
88451	0	0	0	0	0	0	0	0	0	0
557925	0	0	0	0	0	0	0	0	0	0
101394	7	5	13	0	0	1	1	1	1	1
12343	5	32	7	0	0	1	0	0	9	13
177558	0	2	1	0	0	0	0	0	0	0
12346	34	4	23	0	0	1	0	4	24	38
195654	0	2	1	0	0	0	0	0	0	0
72525	1	0	0	0	0	0	0	0	0	0
152486	1	0	0	0	0	0	0	0	0	0
285868	0	0	0	0	0	0	0	0	0	0
77730	0	0	0	0	0	0	0	1	1	1
12592	36	0	0	0	0	0	0	0	0	0
71888	1	0	1	0	0	0	0	0	0	0
33696	1	1	0	14	0	0	0	0	0	0
245707	0	1	0	3	0	0	0	0	0	0
470273	95	0	165	0	1	0	0	0	0	0
12561	110	4	60	7	1	0	0	0	2	0
12562	22	0	0	0	0	0	0	0	0	0
470693	105	17	0	0	0	0	0	0	0	0
131783	45	118	2	0	1	1	0	0	0	0
12569	3	0	0	5	1	0	0	0	0	0
36025	149	9	2	0	0	0	0	0	0	0
12447	56	1	0	0	0	0	0	0	0	0
555009	29	54	20	0	0	0	0	0	0	0
530833	0	3	2	0	0	1	0	0	0	0
272161	2	1	1	8	0	1	0	0	0	0
567669	389	3000	1137	6	6	2	3	1	3	1
274801	0	6	1	0	0	22	17	0	0	1
58301	5485	253	1958	2259	287	196	6	17	7	18
471141	9196	306	782	91809	1150	491	21	58	23	52
140877	6	18	14	0	0	0	0	0	0	0
338075	2	9	0	0	0	0	0	0	0	0
100937	3910	12143	572	18	14	12	3	8	3	1
130481	1	2	0	0	0	0	0	0	0	1
137387	6	22	15	0	0	0	0	0	0	0
369524	1	0	0	0	0	0	0	0	0	0
543841	0	2	1	0	0	0	0	0	0	0
565712	7	0	0	0	0	0	0	0	0	0
272208	438	582	63	1	0	1	1	0	0	1
183182	25	18	1	0	0	0	0	0	0	1
13401	11	3	7	0	0	0	0	0	0	0
202911	0	0	1	0	0	0	0	0	0	0
13463	14	24	1	0	0	0	0	0	0	0
13467	1	2	0	0	0	0	0	0	0	0
470178	94	428	202	1	0	0	0	0	0	0
376876	13	37	5	0	0	0	0	0	0	0
357438	3	10	1	0	0	0	0	0	0	0
305123	592	1	0	0	0	0	0	0	0	0
470207	0	427	2	0	0	0	0	1	0	0
470219	8739	8730	1752	15	15	14	2	4	7	1
13428	5	6	1	0	0	0	0	0	0	0
58295	6250	185	814	24	4	5	1	3	0	0
470200	192	149	2	0	0	0	0	1	0	0
470188	2301	3004	113	5	2	4	2	0	1	0
69384	2	10	0	0	0	0	0	0	0	0
470213	8193	792	6310	45	25	14	7	3	9	4
471198	1	2	0	0	0	0	0	0	0	0
137454	3	0	0	0	0	0	0	0	0	0
24259	1	0	0	0	0	0	0	0	0	0
69669	39	7	15	0	0	0	6	0	0	0
13581	155	140	22	0	0	0	56	0	1	1
13568	0	0	7	0	0	0	0	0	0	0
108829	0	0	0	0	0	0	0	0	0	0
349708	0	8	8	0	0	0	0	0	1	1
84268	3	0	0	0	0	0	0	0	0	0
185640	0	0	0	0	0	0	0	0	0	0
276278	0	27	0	0	0	0	0	0	0	0
188084	0	2	0	0	0	0	0	0	0	0
84442	0	0	0	0	0	0	0	0	0	0
526776	0	2	1	0	0	0	0	1	2	2
142287	1	86	12	0	0	0	0	1	0	1
104445	0	4	0	0	0	0	0	0	0	0
558953	59	1457	26	7	0	5	0	1	1	1
137558	0	1	0	0	0	0	0	0	0	0
13522	11	15	0	0	0	0	0	0	0	0
100442	0	0	0	0	0	0	0	0	0	0
20974	6	997	2	2	0	0	0	0	0	0
13140	1	4	0	0	0	0	0	0	1	1
320457	6	6	0	0	0	0	3	1	1	0
556866	0	0	0	0	0	2	0	1	1	0
13121	1	2	0	0	1	0	0	1	3	0
92964	0	0	0	0	0	0	0	5	5	7
102201	1	10	0	0	0	0	0	2	0	0
143735	0	0	0	0	0	0	0	0	0	0
12620	0	0	8	0	0	0	0	0	0	0
86784	64	3	450	4	1	2	0	0	1	0
72858	6	3	10	0	5	58	0	0	1	1
143171	0	0	0	0	1	6	0	0	0	0
469868	2	4	12	3	4	3	0	40	4	0
326977	14	63	6	84	28	23	14	1022	12	18
469873	2	6	1	11	5	3	0	104	4	3
12622	0	0	0	0	0	0	0	1	1	0
470460	4	1	1	0	0	0	0	0	0	0
131391	0	0	0	0	0	0	0	1	0	0
471185	2	2	0	0	0	0	0	0	0	0
12650	0	0	0	0	0	0	0	0	0	0
559527	0	0	0	0	0	0	0	0	0	0
591285	0	0	0	0	0	0	0	1	0	0
469852	0	0	0	1	0	0	0	3	1	0
108434	18	10	432	4	7	1	1	1	1	0
3838	194	19	255	47	8	1	1	1	1	0
24210	0	0	2	0	0	0	0	0	0	0
3859	0	0	0	0	1	0	0	0	0	0
38741	281	1	344	51	20	6	2	2	1	0
78032	0	0	0	0	0	0	0	0	0	0
77775	0	0	0	0	0	0	0	0	0	0
146387	0	0	0	0	0	0	0	0	0	0
4099	0	0	0	0	0	0	0	0	0	0
141219	0	0	0	0	0	0	3	4	2	12
90465	0	0	0	0	0	0	1	3	0	0
101217	0	0	0	0	0	0	0	0	1	0
89329	0	0	0	0	0	0	0	0	0	1
4386	0	0	0	0	0	0	0	0	1	6
111897	0	0	0	0	0	0	0	0	0	0
192132	5	0	8	1	2	2	2	3	0	0
10517	0	0	0	0	0	0	0	0	0	0
10526	0	0	0	0	0	0	0	0	0	0
33199	0	0	0	0	0	0	0	0	0	0
235762	0	0	0	0	0	0	0	0	1	0
567650	0	0	0	0	0	0	0	2	0	0
219355	0	0	0	0	0	0	0	0	0	1
102412	0	0	0	0	0	0	0	6	15	13
338150	0	0	0	0	0	0	0	0	0	7
384155	0	0	0	0	0	0	0	0	0	3
92508	0	0	0	0	0	0	0	0	0	0
87605	0	0	0	0	0	0	0	0	0	0
34507	0	0	0	0	0	0	0	0	0	0
536531	0	0	0	0	0	0	0	3	5	0
341019	0	0	0	0	0	0	0	1	3	2
10455	0	0	0	0	0	0	0	0	2	1
19551	0	17	0	0	0	0	0	4	23	2
102653	0	0	0	0	0	0	0	0	0	0
245878	0	0	0	0	0	1	1	73	198	95
23777	7	0	1	0	0	0	0	0	0	0
11293	0	0	3	0	0	0	0	0	0	0
529857	1832	23	5	67	2	0	0	0	0	0
34513	0	0	0	0	0	0	0	0	0	0
470429	0	0	0	1	0	0	0	0	0	0
99826	5	0	0	0	0	0	2	5	0	0
103527	0	0	0	0	1	0	0	0	0	0
536325	0	0	0	0	0	0	0	0	0	0
76821	0	0	0	0	0	0	0	0	0	0
584755	0	1	0	0	0	0	0	0	0	0
74862	0	0	0	0	0	0	0	0	0	0
15711	0	0	0	0	0	0	0	0	0	0
470139	0	0	3	3	1	3	3	57	7	5
15716	0	0	0	1	0	0	0	0	0	0
109807	0	0	0	0	0	0	0	0	0	0
381629	3	0	0	0	0	0	0	0	0	0
470369	3	3	0	8	3	3	3	65	3	2
194446	5	2	0	0	0	0	0	0	0	0
295024	19	5	0	0	0	0	0	0	0	0
362383	0	0	0	0	0	0	0	7	0	0
572915	0	0	0	1	0	0	0	16	1	0
270972	0	0	0	0	0	0	0	0	0	0
532556	307	6	0	0	0	1	0	0	0	0
19191	386	42	29	548	15	0	1	0	0	0
470522	1	1	3	2	3	0	0	18	1	0
99344	0	0	0	0	0	0	0	1	0	0
185981	0	0	0	0	0	0	0	7	8	7
279660	0	0	0	0	0	0	0	8	1	0
143213	0	0	0	0	0	0	0	3	0	6
3232	0	0	0	0	0	0	0	0	0	0
268560	0	0	0	0	0	0	0	0	0	0
471225	0	0	0	4	59	6740	1	0	1	3
161302	0	0	0	0	0	0	0	0	0	0
136145	0	0	0	0	0	0	0	7	5	0
3262	0	0	0	0	0	0	0	2	0	1
549188	0	0	0	0	0	0	0	1	1	1
587919	0	0	0	0	0	0	1	0	0	0
138867	0	0	0	0	0	28	0	0	0	1
45521	0	0	0	0	0	8	0	0	0	0
247816	0	0	0	0	0	2	0	0	3	0
107995	0	0	1	0	1	37	15	6	32	29
3098	0	0	0	0	0	4	1	0	0	1
245604	0	0	0	0	1	37	0	0	1	0
178178	0	0	0	0	0	1	1	1	5	13
190926	0	0	1	13	117	9916	42	168	403	144
140593	0	1	1	4	35	5449	44	4	3	3
568548	0	0	0	0	0	0	0	2	1	2
142290	0	0	0	1	0	0	0	0	0	0
175886	1	5	1	0	0	0	0	0	0	0
11239	2	0	1	0	0	0	0	0	0	0
11247	12	0	4	9	0	0	0	0	1	0
241170	437	10	356	3465	74	13	1	1	2	2
484430	2404	42	2687	239	43	1	1	3	5	0
246715	1	0	0	0	0	0	0	0	0	0
386273	174	9	0	2	3	0	0	0	0	0
56203	3	0	0	44	0	0	0	0	0	0
162077	1262	107	203	27946	608	122	8	28	9	11
11164	0	0	0	0	0	0	1	0	0	0
237188	4	0	0	0	0	0	0	0	0	0
277566	0	0	0	0	0	0	0	0	0	0
163978	1	1	0	0	0	0	0	1	0	1
214563	0	93	9	1	0	0	0	0	0	0
6678	4	10145	690	24	15	8	2	3	5	3
63992	0	9	0	0	0	0	0	0	0	0
55005	0	1	0	0	0	0	0	0	0	0
75333	0	0	0	0	0	0	0	0	0	0
111824	0	161	1	2	0	2	3	10	17	16
591509	0	49	0	0	0	1	0	1	5	1
144381	0	30	0	2	0	0	9	8	5	14
238272	0	0	0	1	0	0	154	0	0	0
367189	6	5	0	2	1	5	211	2	2	3
172207	0	0	0	0	0	0	1	0	6	2
264640	0	4	0	0	0	0	0	0	0	0
6825	0	0	0	0	0	1	0	0	0	0
149152	0	0	0	0	0	1	0	0	0	0
338543	0	1	0	0	0	0	0	0	0	0
550256	0	0	0	0	0	0	2	0	0	0
519627	0	0	0	0	0	0	2	156	302	313
470243	150	2	197	52	6	2	2	2	2	0
63985	4	0	2	105	2	0	0	0	0	0
470724	23	7	491	9	0	0	0	0	0	1
56599	162	21	112	19	3	1	1	0	0	0
21796	0	0	0	1	0	0	0	0	1	0
72999	19	10	3	11	1	0	0	0	0	0
107195	1	0	0	0	0	0	0	0	1	0
22981	4	1	0	110	1	2	0	1	1	0
520724	2	1	0	0	0	0	6	2	5	4
156646	0	0	0	1	2	1	1	1	2	0
29792	0	0	0	1	0	0	0	0	3	3
141903	9	16	13	0	4	18	1	5	9	20
156758	0	3	0	0	0	46	2	0	1	1
263842	0	0	0	0	0	1	1	6	4	5
6697	0	0	0	0	0	2	0	1	1	4
203562	0	0	0	0	0	0	6	3	2	0
242252	6	1	0	1	0	2	5	16	21	15
143868	0	0	0	0	0	0	0	0	2	2
6725	0	0	1	1	0	2	7	4	6	9
41872	0	0	0	0	0	0	0	1	0	0
230074	1	0	0	1	0	5	8	25	212	131
42580	10	1	0	0	0	2	2	93	346	203
6721	0	0	0	0	0	0	1	0	6	8
134476	10	0	5	1	0	8	0	2	4	2
114676	0	0	0	0	0	0	0	0	2	1
6717	0	0	0	0	0	0	1	0	2	4
6713	0	3	0	0	0	0	0	18	32	52
26639	0	0	0	0	0	0	0	0	2	0
138944	0	2	0	0	0	0	0	9	11	21
235428	0	0	0	0	0	16	111	4	1	3
7344	0	0	0	0	0	0	0	0	0	0
230108	0	12	0	0	0	0	1	1	0	0
259460	2	5	1	0	0	0	1	1	1	0
60344	87	176	33	1	0	1	1	3	2	1
110675	89	352	36	0	0	1	66	2	2	2
236550	9	61	11	1	1	2	20	1	2	3
235543	3	17	0	0	0	0	0	0	0	0
510182	0	1	0	1	0	0	2	1	0	0
162184	0	0	0	0	0	9	6	0	4	3
365805	0	0	0	0	0	1	0	0	0	0
7316	38	0	0	0	0	0	19	0	0	1
88301	7	16	2	0	0	0	7	0	1	0
571521	20	87	2	1	0	0	23	0	1	1
102382	291	790	179	1	5	5	273	5	11	7
590309	0	0	0	0	0	0	0	0	0	0
551576	0	3	0	0	0	0	0	0	1	0
99681	0	0	0	0	0	0	0	0	0	0
155597	27	71	11	0	0	0	16	0	4	1
327622	3	5	0	0	0	2	1	0	0	0
244518	0	0	0	0	0	0	0	0	0	0
322045	7	16	1	1	0	0	2	0	1	1
217942	0	0	0	0	0	0	0	0	0	0
313175	344	771	92	2	0	16	68	2	3	4
559256	0	2	0	0	0	0	0	0	0	0
323686	0	0	1	4	32	3169	34	2	3	8
570301	0	0	0	0	0	2	15	0	1	0
7396	2	0	0	0	1	11	1	5	14	14
293752	0	0	0	0	0	2	0	2	2	0
6974	0	0	0	0	0	0	1	0	1	0
593931	0	0	0	0	0	0	4	0	0	1
592118	535	1790	94	11	3	146	75	59	230	322
358779	0	0	0	0	0	0	0	0	1	0
391129	3	2	2	0	0	1	1	0	0	0
6936	0	13	51	0	0	39	28	33	38	24
255954	0	0	0	0	0	0	1	0	0	0
105081	1	1	0	0	0	17	0	3	6	6
271234	3	0	14	0	0	10	7	0	2	3
270928	0	0	0	0	0	0	0	0	1	1
166388	7	0	15	0	0	0	0	0	3	2
72406	0	7	0	1	4	104	82	58	139	124
368509	3	7	0	4	5	234	1551	54	86	63
153263	0	0	0	0	0	19	8	2	2	1
156790	75	97	36	0	0	50	50	1	1	1
584580	1	4	2	3	44	3659	49	43	39	33
90602	0	34	0	0	1	56	3	4	23	14
37911	0	0	0	1	0	3	1	11	68	34
110215	0	0	0	0	0	21	1	13	263	105
592171	0	0	1	0	0	1	0	5	29	15
7173	1	19	0	2	5	373	115	66	93	115
258495	0	0	0	0	0	0	0	0	0	0
140825	0	0	0	0	0	0	0	0	1	3
114783	0	0	0	0	0	8	18	0	6	5
200741	19	137	10	21	13	98	961	8803	12180	9967
100284	0	1	0	0	0	0	0	4	5	9
469903	533	13	177	13	0	0	0	0	0	0
65940	781	3	214	13	0	3	0	0	0	0
350331	0	0	0	1	0	0	0	1	0	0
573802	0	0	0	0	0	0	0	0	0	0
8823	0	0	0	0	0	0	1	0	0	0
569335	0	2	0	0	0	0	0	0	1	0
198608	0	0	0	0	0	0	0	1	0	0
311934	0	0	0	0	0	0	0	0	0	0
8872	0	0	0	0	0	0	0	0	0	0
81059	0	0	0	0	0	0	0	0	0	0
160306	0	0	0	0	0	0	0	0	0	0
274227	0	0	1	0	0	0	0	0	0	0
140774	4	0	2	1	0	0	0	0	0	1
153557	0	0	0	0	0	0	0	0	0	0
140388	0	0	0	0	0	0	0	0	0	0
193662	0	1	0	1	0	0	0	1	0	0
160023	0	0	0	1	1	6	3	70	653	634
259571	0	0	0	0	0	0	0	0	0	0
246806	0	0	0	0	0	0	0	1	4	6
392867	0	0	0	1	0	0	0	3	0	0
8849	0	0	0	0	0	0	0	0	0	0
46271	0	0	0	1	0	0	0	1	0	1
255639	0	0	0	0	0	0	0	0	0	0
230360	0	0	0	0	0	0	0	0	0	0
82812	0	0	0	0	0	0	0	0	0	0
236190	0	0	0	0	0	0	0	0	0	0
141151	0	1	0	0	0	0	0	0	0	0
93965	0	0	0	0	0	0	0	1	0	0
277789	0	0	0	0	0	0	0	0	0	0
91588	0	0	0	0	0	0	0	0	0	0
536526	0	0	0	0	0	0	0	0	0	0
84937	2	23	0	0	0	0	0	2	0	1
9286	0	1	0	1	0	0	0	0	0	1
536960	0	0	0	0	0	0	0	0	0	0
9176	0	0	0	0	0	0	0	0	0	0
91087	0	0	0	0	0	0	0	0	0	0
198609	0	0	0	0	0	0	0	0	0	0
9179	0	0	0	0	0	0	0	0	0	0
231428	1	1	0	0	0	0	0	0	0	0
559028	0	0	0	0	0	0	0	0	1	0
250349	0	1	0	0	0	0	0	0	0	0
227760	2	16	0	0	0	0	0	0	0	0
160550	1	0	0	0	0	0	0	1	2	0
20588	0	0	0	0	0	0	0	1	1	0
9142	0	2	0	0	0	0	0	1	0	0
160832	0	0	0	0	0	0	0	0	0	0
9128	12	0	0	0	0	0	0	0	0	0
149694	0	0	0	0	0	0	0	0	1	0
236039	0	1	0	0	0	0	0	0	0	0
246710	0	0	0	0	0	1	0	0	0	0
9036	0	0	0	0	0	0	0	0	0	0
143206	0	0	0	0	0	0	0	0	0	0
132764	0	0	0	0	0	0	0	0	0	1
133572	0	0	0	0	0	0	0	0	0	0
141639	0	0	0	0	0	0	1	0	0	0
543247	0	0	0	0	0	0	0	0	0	0
9458	0	0	0	0	0	0	0	0	0	0
70512	37	3	2	379	53	3	0	3	0	1
9514	11162	291	2422	140781	2371	476	33	79	42	43
29369	0	0	0	0	0	0	0	0	0	0
471414	0	0	0	0	0	0	0	0	0	0
286210	5	27	5	0	0	0	0	0	0	1
165851	0	0	0	0	0	0	0	0	0	0
186374	1	0	0	1	0	1	0	0	0	0
9551	2	0	0	7	0	1	0	0	0	0
89921	0	0	1	5	0	1	0	0	0	0
74211	2	33	0	0	0	0	0	0	0	0
9568	0	0	0	1	0	0	0	0	0	0
9513	0	0	0	4	0	0	0	0	0	0
86210	3	0	2	24	0	1	0	0	0	0
74034	1	0	0	0	0	0	0	0	0	0
557614	184	6	38	22	1	0	0	0	0	0
558276	51	0	5	613	10	1	0	0	0	0
533937	360	25	131	159	62	67	1	10	5	4
94166	28894	818	6402	396201	7346	1843	116	354	129	168
148123	2	0	1	65	2	0	0	0	0	0
86047	0	0	0	0	0	0	0	0	0	0
140393	1734	84	1869	75	14	12	2	4	2	0
138993	13	1	2	2	0	0	1	0	0	0
9486	59	0	5	139	2	2	0	2	0	0
562676	8	0	4	0	0	0	0	0	0	0
17538	3390	54	655	279	4	1	7	0	0	0
9477	16	0	0	2	1	0	0	0	0	0
49616	2	96	0	4	0	0	0	0	0	0
343424	0	0	0	0	0	0	0	0	0	0
166053	0	0	0	3	0	0	0	0	0	0
236788	5	0	1	20	6	11	8	102	13	7
431764	2	0	0	1	0	0	0	0	0	0
108266	5	0	0	0	0	0	0	0	0	0
10196	0	1	0	0	0	0	2	0	0	0
146243	0	0	0	0	0	0	0	0	0	0
91372	0	0	0	0	0	0	0	0	0	0
135411	0	0	0	0	0	0	0	0	0	2
136019	0	0	0	0	0	0	0	0	0	0
167440	2	2	0	0	0	0	1	3	1	3
51229	0	0	0	0	0	0	0	0	0	0
262838	31	48	16	1	1	0	2	6	1	1
332958	0	0	0	0	0	0	0	0	0	0
222043	0	0	0	0	0	0	0	1	0	0
583608	0	0	0	0	0	0	0	0	1	0
248470	43	112	16	2	2	0	2	13	3	1
242005	0	1	0	0	1	0	0	0	0	0
355066	0	0	0	0	0	0	0	0	0	0
77675	0	0	0	0	0	0	0	0	0	0
34643	0	0	0	0	0	0	0	0	0	0
72374	0	1	15	0	0	0	0	2	0	0
564431	0	0	0	0	0	0	0	0	0	0
113558	1	2	4	0	0	0	1	0	0	0
152527	0	0	0	1	0	0	0	0	0	0
313060	0	0	0	0	0	0	0	0	0	0
9868	0	0	1	1	0	1	0	0	0	0
534397	0	0	0	0	0	0	0	0	0	0
168031	2	0	0	0	0	0	0	0	0	0
534898	34	15	3	1	1	3	9	13	1	2
9812	3	81	1	8	4	4	3	17	3	5
202829	0	0	0	0	0	0	0	0	0	0
144049	0	0	0	3	0	0	0	0	0	1
163340	0	0	0	0	1	0	0	0	0	0
30793	0	0	0	0	0	0	0	0	0	0
220541	0	0	0	0	0	0	0	0	0	0
146743	0	0	0	0	0	0	0	0	0	0
100956	0	0	0	0	0	0	0	1	0	1
171836	0	0	0	0	0	0	0	0	0	0
85254	0	4	1	0	0	0	0	0	0	0
10203	0	0	0	0	0	0	0	0	0	0
9356	0	0	0	0	0	0	1	0	0	0
526810	0	0	0	0	0	0	1	0	0	0
157083	13	74	91	1	0	0	0	0	0	0
27938	6	1	1	0	0	0	0	0	0	0
229171	147	64	1	1	0	0	0	0	0	0
58303	0	0	0	0	0	0	0	0	0	0
39819	196	743	236	5	2	1	1	1	0	0
103620	17	25	10	1	0	0	0	0	0	0
542642	0	1	0	0	0	0	0	0	0	0
248172	1	19	0	1	0	0	0	0	0	0
587004	2	5	1	0	0	0	0	0	0	0
159711	432	242	132	6	0	9	22	6	2	1
585817	0	0	0	0	0	0	1	0	0	0
471124	285	171	120	0	0	1	0	0	1	0
318598	0	2	0	0	0	0	0	0	0	0
351148	0	15	0	0	0	0	0	0	1	0
343089	0	1	1	0	0	0	0	0	0	0
535160	68	182	377	2	2	1	1	0	2	1
347685	0	1	0	0	0	0	0	0	0	0
317252	52	1312	60	13	2	7	5	5	1	0
165313	0	1	0	0	0	0	0	0	0	0
166123	0	1	0	0	0	0	0	0	0	0
216324	0	3	0	0	0	0	0	0	0	1
311867	0	2	0	0	0	0	0	0	0	0
242603	5	31	20	0	0	1	0	0	0	0
254162	6	57	12	2	0	1	0	0	0	0
249191	217	2068	527	10	5	15	8	2	7	3
8389	0	1	0	0	0	0	0	0	0	0
356287	0	33	1	0	0	0	0	0	0	0
60267	5	371	8	1	0	0	1	0	1	0
534204	0	3	0	0	0	0	0	0	0	0
256549	0	2	0	0	0	0	0	0	0	0
60258	0	10	0	0	0	0	0	0	0	0
248732	0	0	0	0	0	0	0	0	1	0
43696	0	0	0	0	0	0	0	0	0	0
22591	2	62	0	1	0	0	0	0	1	0
142310	0	1	0	0	0	0	0	0	0	0
129923	3	0	0	0	0	0	0	0	0	0
235822	0	0	0	0	0	0	0	0	0	0
271669	0	0	0	0	0	0	0	0	0	1
156712	0	0	0	0	0	0	0	0	0	0
185581	0	3	0	13	3	1	2	121	46	6
175028	0	0	0	1	0	0	0	0	0	0
318733	0	0	0	0	0	0	0	0	0	0
153124	0	0	0	0	0	0	0	0	0	0
396135	0	0	0	0	0	0	0	0	0	0
83738	0	0	0	0	0	0	0	0	0	0
329714	0	0	0	0	0	0	0	0	0	0
8215	0	0	0	0	0	1	0	0	1	0
145318	2	1	1	0	0	0	0	0	0	0
114493	20	12	4	0	0	0	2	1	1	0
161773	0	28	1	0	0	0	2	2	40	41
79509	0	1	0	2	2	2	0	2	3	5
8178	0	0	0	0	0	0	0	0	0	0
196860	0	0	0	0	0	0	0	0	0	0
236381	0	0	0	0	0	0	0	1	4	1
152723	3	4	1	2	1	1	0	2	1	1
211053	0	0	0	1	0	0	0	1	0	0
536009	0	0	0	0	0	0	0	0	0	0
211138	0	0	0	0	0	0	0	0	0	0
471448	0	0	0	0	0	0	0	0	0	0
8494	0	1	0	0	0	0	0	0	0	0
340095	52	469	15	2	0	1	19	2	0	0
338443	0	0	0	0	0	0	0	0	0	0
448893	0	0	0	0	0	0	0	0	0	0
140772	0	0	7	0	0	0	0	0	0	0
526385	1	52	4	0	0	0	0	0	0	0
140930	0	4	8	0	0	1	0	0	0	0
152595	0	0	0	0	0	0	0	0	0	1
70116	0	213	1	0	0	0	0	0	0	0
71823	0	790	4	2	0	0	0	0	0	0
247615	0	1	0	0	0	0	0	0	0	0
250586	0	0	0	0	0	0	0	0	0	0
275935	53	488	22	0	0	0	26	1	0	0
8523	0	13	0	0	0	2	10	1	0	0
510529	75	27	28	1	1	1	1	0	3	0
520731	0	120	1	0	1	0	0	0	0	0
73352	3	6	1	0	0	0	2	0	0	0
557030	3	2	0	0	0	0	0	0	0	0
457157	0	0	0	0	0	0	0	0	0	0
144968	11	7	4	0	0	0	0	0	0	0
140765	3	4	1	0	0	0	0	0	0	0
185650	1	3	0	0	0	0	0	0	0	0
270842	16	20	7	0	0	0	0	0	0	0
279231	421	387	81	3	1	7	53	3	2	3
89393	438	259	77	1	0	2	13	4	3	7
179854	1	0	0	0	0	0	0	0	0	0
173619	0	0	0	0	0	0	0	3	0	0
173614	0	0	0	1	0	0	0	0	0	0
158847	1	0	0	1	1	0	2	6	4	1
7716	0	0	0	0	0	0	0	0	0	0
278985	0	0	0	0	0	0	0	0	0	0
221119	0	0	0	14	0	1	0	1	2	1
101411	0	0	0	1	2	6	3	131	589	563
125382	0	0	0	0	0	0	0	0	0	0
39461	0	0	0	0	0	0	0	4	34	32
548160	1	2	1	8	4	13	19	723	3656	2819
154661	0	0	0	0	0	1	6	0	11	8
212454	0	0	0	0	0	0	0	7	21	9
530612	0	2	7	5	7	4	6	277	601	481
8054	0	0	0	0	0	0	0	6	31	43
8101	0	0	0	0	0	0	0	2	0	1
532152	0	0	0	0	0	0	0	1	0	0
279401	0	0	0	0	0	0	0	1	0	0
592523	0	0	0	0	0	0	0	0	1	1
43111	0	0	0	0	0	0	1	2	2	3
37302	0	0	0	1	0	1	0	1	1	0
286450	0	0	0	0	0	0	0	0	0	0
7908	0	0	0	0	0	0	0	0	0	0
235173	0	0	0	0	0	5	0	0	0	0
8006	0	0	0	0	0	0	0	0	0	0
48785	0	0	0	0	0	1	0	0	0	0
140123	0	0	0	0	0	1	0	0	0	0
83477	0	0	0	0	0	0	0	0	0	0
7509	0	0	0	0	0	0	0	0	0	0
280943	0	0	0	0	0	0	1	13	39	39
346912	0	0	0	0	0	0	0	0	0	0
32582	0	0	0	0	0	0	0	0	0	0
139981	0	0	0	0	0	0	0	0	0	0
157596	0	0	0	0	1	0	0	0	0	0
168486	0	0	0	1	0	0	0	0	0	0
260942	0	0	0	0	0	0	0	0	0	0
70247	0	0	0	0	0	0	0	0	1	0
7539	0	0	0	0	0	0	0	0	0	0
7570	0	0	0	0	0	0	0	0	1	0
132687	0	0	0	0	0	0	0	0	1	0
7555	0	0	0	0	0	0	0	0	0	1
7595	0	0	0	0	0	0	0	0	0	0
7594	0	0	0	0	0	0	0	1	0	1
137055	0	0	0	0	0	0	0	4	1	0
245026	0	0	0	0	0	0	0	0	0	0
7772	0	33	0	0	0	2	1	0	0	0
65444	0	0	0	0	0	0	0	0	0	0
94102	1	0	0	0	0	0	0	0	2	0
149965	0	0	0	0	0	0	0	2	0	0
79280	0	261	16	0	0	0	0	0	1	0
76350	29	896	13	1	2	11	0	1	0	0
591221	46	70	0	0	0	0	0	0	0	0
48518	0	24	0	0	0	0	0	0	0	0
109333	0	1	0	0	0	0	0	0	0	0
41720	36	195	2	0	0	2	9	0	0	0
231154	0	2	0	0	0	0	0	0	0	0
276010	0	2	0	0	0	0	0	0	0	0
179102	0	0	0	0	0	0	0	0	0	0
146003	0	2	0	0	0	1	0	0	0	0
68655	1	16	0	0	0	3	0	1	1	0
101644	1	0	0	0	0	0	0	0	0	0
214161	0	0	0	0	0	0	0	0	0	0
276133	0	19	0	0	0	0	0	1	1	0
192890	0	5	3	0	0	0	6	1	18	17
106286	0	0	0	0	0	0	0	0	0	0
355076	0	0	0	0	0	0	0	0	0	0
321636	0	0	0	0	0	0	0	0	0	0
236718	1	1	3	51	7	10	4	53	186	39
581967	0	0	0	0	0	0	0	0	0	0
332963	0	0	0	0	0	0	0	0	0	0
111884	0	0	0	0	0	2	18	0	1	3
38141	0	0	0	0	0	0	0	0	0	0
262452	0	0	0	0	0	0	0	0	0	0
74262	10	69	15	0	0	0	0	1	3	2
49093	0	0	0	0	0	0	0	0	0	1
183029	0	2	0	0	0	0	0	2	0	0
242798	0	1	0	0	0	0	0	0	1	0
214126	13	97	1	1	0	11	0	4	8	2
329286	0	0	0	0	0	0	0	0	1	1
5431	0	0	0	0	0	0	0	0	0	0
100639	0	0	0	0	0	0	0	0	0	0
150990	6	39	6	0	0	0	0	0	0	0
77907	0	0	0	0	0	0	0	0	1	0
275257	22	368	13	1	2	4	4	30	27	18
129415	3	2	2	0	0	0	0	90	107	94
5066	0	1	0	0	0	0	0	1	1	1
105473	0	8	0	0	0	0	0	0	0	0
241331	0	0	0	2	0	2	0	1	2	2
4708	0	0	0	0	0	0	0	1	1	0
146531	0	0	0	0	0	3	1	6	12	19
270100	0	0	0	0	0	0	0	0	0	0
271504	0	0	0	0	0	0	0	0	0	0
87984	0	15	0	0	0	0	0	17	16	8
63879	1	139	0	3	1	0	1	190	303	190
63877	0	0	0	0	0	0	0	0	0	0
81189	1	0	0	0	0	0	3	0	0	0
548603	2	12	6	0	0	0	6	0	0	0
166094	38	16	16	0	0	0	16	0	1	0
208196	0	0	1	0	0	0	0	0	0	0
104806	0	1	0	0	0	0	0	0	2	3
471399	0	1	0	0	2	1	6	200	281	284
161177	0	256	0	4	3	32	10	1046	1416	1456
4735	0	0	0	0	0	0	0	0	1	4
90031	0	0	0	0	0	0	1	1	2	0
533498	0	0	0	1	0	0	0	42	32	18
4641	0	1	0	0	0	0	0	19	129	91
175858	0	0	0	0	0	0	0	0	2	0
160252	0	0	0	0	0	0	0	0	0	0
104513	0	0	0	0	0	0	0	0	0	0
5683	0	0	0	0	0	0	0	0	0	0
163347	0	1	0	0	0	0	0	1	2	1
100203	0	0	0	0	0	1	1	2	2	1
75890	1	0	1	33	7	3	1	13	74	15
336200	0	0	0	0	0	0	0	1	1	0
148010	0	0	0	0	0	0	0	0	0	0
159695	0	0	0	0	0	0	0	0	0	0
245872	0	0	0	0	0	0	0	0	0	0
145150	0	0	0	0	0	1	0	49	15	8
135261	0	0	0	0	0	0	0	0	0	0
215354	0	0	0	0	0	0	0	0	0	0
293008	0	0	0	0	0	0	0	1	0	0
93537	0	0	0	0	0	0	0	0	0	0
146037	0	0	0	0	0	0	0	0	0	0
253055	0	0	0	0	0	0	0	0	0	0
310847	0	0	0	0	0	0	0	1	1	0
153572	0	8	0	9	1	0	1	27	2	0
186396	0	0	0	2	0	0	0	0	0	0
159563	0	1	1	1	0	1	0	52	1	2
111879	0	0	0	3	0	0	0	0	12	4
5771	60	99	241	1	0	23	40	1147	1138	1148
493135	0	0	0	0	0	0	0	1	0	0
47316	0	0	0	0	0	0	0	0	0	0
44012	75	1380	155	7	1	86	22	1637	1043	814
86027	9	14	0	0	0	0	0	0	0	0
179555	38	111	17	0	0	1	0	0	0	0
223075	0	27	8	0	0	0	0	0	0	0
532163	1	0	4	0	0	1	11	20	74	47
352619	0	0	0	0	0	0	0	1	1	0
519755	1	0	0	0	0	0	0	0	0	0
514342	0	0	0	0	0	0	0	0	0	0
268065	0	0	1	0	0	0	0	7	5	5
532443	0	0	0	0	0	0	0	0	0	0
162510	0	0	0	0	0	0	0	1	0	0
5851	0	0	0	0	0	0	0	5	1	0
5563	0	5	0	0	0	0	0	0	0	0
104117	0	1	0	0	0	0	15	2	2	0
265057	134	51	9	0	1	32	7	1	0	0
5516	0	4	1	0	1	11	17	16	18	21
168859	0	0	0	0	0	9	62	2	3	1
570079	0	0	0	0	0	1	0	0	0	0
181641	0	0	0	0	0	0	0	0	0	0
163171	0	0	0	0	0	0	0	0	0	0
303674	0	0	0	0	0	1	1	0	0	1
4566	0	0	0	0	0	0	0	0	0	0
75850	0	47	0	0	0	0	0	0	0	0
163716	0	15	0	0	0	0	0	0	0	0
110239	0	0	0	0	0	0	0	0	0	0
255006	0	0	0	0	0	0	0	0	0	0
4470	0	1	0	0	0	0	0	0	0	0
217334	0	1	0	0	0	0	0	0	0	0
240686	5	1	0	0	0	0	0	0	0	0
77302	0	0	0	0	0	0	0	0	0	0
4530	0	0	0	0	0	0	1	0	0	0
259049	0	0	0	0	0	0	3	0	0	0
4529	0	0	0	0	0	0	1	0	0	0
306797	0	0	2	0	0	0	0	0	0	0
68789	0	0	0	0	0	0	0	0	0	0
35227	0	0	0	0	0	0	1	0	1	0
78316	0	0	0	0	0	0	2	0	0	0
129759	12	61	3	0	0	0	0	0	4	3
562526	13	249	26	10	4	4	36	170	41	30
223431	0	0	0	0	0	0	0	0	0	0
560773	127	813	19	2	0	4	98	20	6	3
585288	0	2	0	0	0	0	1	0	0	0
133194	42	102	1	0	0	1	0	0	0	0
143097	1	49	25	2	0	0	15	0	0	0
511687	0	0	0	0	0	0	6	1	0	0
563240	1	3	8	0	0	2	0	3	1	2
162032	0	0	0	0	0	0	0	0	0	0
352641	86	40	1	0	0	0	0	6	6	0
293215	0	12	0	0	0	0	3	0	0	1
543139	1	23	2	3	0	3	3	80	31	17
552687	0	3	1	0	0	0	0	0	0	0
99195	8	33	1	0	0	0	2	0	0	0
278777	9	7	2	0	0	0	0	0	1	0
158069	41	52	30	2	2	0	2	22	15	11
149938	0	1	0	0	0	0	5	1	0	0
251218	1	6	1	0	0	0	0	6	2	0
226200	0	0	0	0	0	0	0	0	0	0
222699	1	7	4	0	0	0	20	1	2	2
6204	2	8	0	0	0	0	0	1	0	0
230648	0	0	0	0	0	0	0	2	8	3
331282	0	3	1	0	0	0	0	0	0	0
494339	34	27	15	1	0	1	2	46	26	7
590580	1	34	0	0	0	0	0	0	0	0
18013	1	1	0	0	0	0	0	0	0	0
188464	9	0	0	0	0	0	0	0	0	0
389987	4	7	4	1	0	0	8	5	0	0
354042	1	3	2	0	0	0	0	0	0	0
238508	0	1	0	0	0	0	1	2	0	0
31402	7	289	1	0	0	3	47	0	1	1
185783	0	0	0	0	0	0	0	0	0	0
130031	0	0	0	0	0	0	0	0	0	0
134597	0	0	0	0	0	0	0	10	27	24
255870	0	0	0	0	0	0	0	0	0	0
471442	0	0	0	0	0	0	0	0	0	0
246904	0	0	0	0	0	0	0	0	0	0
284321	0	0	0	2	0	5	4	137	1292	1442
187961	0	0	0	0	0	0	0	0	17	32
10860	0	0	0	0	0	1	2	18	299	227
548614	0	0	0	0	0	0	0	0	14	16
10845	0	0	0	0	0	1	1	21	77	119
151169	0	0	0	0	0	0	0	4	53	44
576808	0	0	0	0	0	1	0	2	21	19
261781	0	0	0	0	0	0	0	3	58	45
10858	0	0	0	0	0	0	1	17	308	464
275861	0	0	0	0	0	0	0	0	2	3
10857	0	0	0	0	0	0	0	0	8	7
10829	0	0	0	0	0	0	0	0	0	0
545830	0	0	0	0	0	0	0	0	0	0
128536	0	0	0	0	0	0	0	0	0	0
49295	0	3	0	0	0	35	6	33	136	79
171640	0	1	0	0	0	1	0	6	10	14
137426	0	0	0	0	0	0	0	0	0	1
38566	0	0	0	0	0	0	0	1	0	0
247981	0	0	0	0	0	2	3	0	0	4
39056	0	0	0	0	0	0	0	0	0	0
248001	0	0	0	0	0	0	0	0	0	0
10651	0	5	0	0	0	0	0	0	0	0
177418	0	0	0	0	0	2	1	50	137	173
259044	0	0	0	0	0	0	0	0	0	0
140591	0	3	0	0	0	0	0	8	29	36
132337	0	0	0	0	0	3	3	133	449	493
104131	0	0	0	0	0	0	1	1	11	13
140482	0	0	0	0	0	1	1	42	70	124
287305	0	0	0	0	0	0	0	0	0	0
154451	0	0	0	0	0	0	0	0	0	0
244965	0	0	0	0	0	0	0	0	0	0
325922	1	0	1	0	0	0	0	0	0	0
314128	38	11	41	2	0	0	0	0	0	0
125969	330	0	2	11	0	0	0	0	0	0
361804	2016	50	29	138	283	2	0	0	0	1
2394	319	0	113	21	1	0	0	0	1	0
59534	8	0	9	2	0	0	0	0	0	0
584759	0	0	0	0	0	0	0	0	0	0
268479	0	0	0	0	0	0	1	0	0	0
579933	9	0	0	0	0	0	0	0	0	0
58543	0	0	0	0	0	18	1	5	2	1
544271	0	0	0	0	0	6	1	0	0	0
140960	0	0	16	0	0	17	1	7	2	1
325093	0	0	0	0	0	1	10	1	0	0
324969	0	0	0	0	0	2	0	0	0	0
172143	11	65	5	0	0	56	13	34	6	21
544153	0	3	0	0	0	1	0	0	0	0
257508	0	0	0	0	0	1	0	0	0	0
140859	23	15	6	0	11	508	40	28	3	15
36481	0	0	0	0	0	2	1	0	0	0
207627	0	0	0	0	0	1	0	0	0	0
382056	0	0	0	0	0	6	1	0	0	0
471192	0	0	0	2	28	2468	1819	21	4	10
77276	0	1	0	0	1	27	0	0	0	0
447658	0	0	0	0	0	3	0	0	0	0
515258	0	0	0	0	0	0	0	0	0	0
140763	0	0	0	0	0	2	0	0	0	0
201647	0	0	0	1	0	0	1	0	0	0
311503	0	0	0	0	1	3	0	0	0	0
180016	0	0	0	1	0	0	0	0	0	0
145286	0	0	0	0	0	0	0	0	0	0
160771	0	0	0	0	0	0	0	0	0	0
142668	0	0	0	0	0	0	0	0	0	0
519516	0	0	0	0	0	0	0	0	0	0
152380	0	0	0	0	0	0	0	0	0	0
360101	0	0	0	0	0	0	0	0	1	0
560027	0	0	0	0	0	0	0	0	0	0
357986	0	0	0	0	0	0	0	0	0	0
152060	0	0	0	0	0	0	0	1	0	0
58630	0	0	0	0	0	0	0	0	0	0
233273	0	0	0	0	0	0	0	3	1	1
162099	0	0	3	0	0	0	0	0	0	0
257992	0	1	11	0	0	0	0	0	0	0
577339	0	66	0	0	0	1	0	0	0	2
2269	0	0	0	0	0	0	0	0	0	0
46641	0	3	2	0	0	0	0	0	6	0
148090	57	63	4	0	0	0	0	0	0	0
30861	0	0	0	0	0	0	0	0	0	0
2000	0	0	2	3	1	0	0	81	1	3
130663	0	0	0	0	0	0	0	0	0	0
130007	0	0	0	0	0	0	0	0	0	0
2045	0	0	0	1	0	1	0	0	0	0
322235	63	58	34	46	17	40	11	168	16	15
184209	0	0	0	0	0	0	0	0	0	0
349216	0	0	0	0	0	0	0	0	0	0
469832	0	0	0	0	0	0	0	0	0	0
360785	0	0	0	0	0	0	0	0	0	0
469778	11	1	2	25	9	22	4	173	21	11
469709	0	0	0	0	0	1	0	0	0	0
315575	19	3	3	14	13	12	6	86	8	4
130228	19	4	0	10	6	8	1	67	5	4
256830	0	0	0	0	0	0	0	0	0	0
114946	2849	68	18	9426	615	14	5	2	3	2
484332	1	0	0	19	1	1	0	16	3	2
471156	178	7	58	10464	113	57	2	7	2	4
471122	7639	344	997	129571	6452	768	37	94	38	64
108137	0	0	0	7	0	0	0	0	0	0
56320	0	0	0	1	0	0	0	0	0	0
484401	2274	58	3519	330	8	5	1	3	6	0
102425	3404	117	1166	606	17	3	3	0	0	0
289828	0	0	1	1	0	0	0	0	0	0
106565	658	0	1	145	17	2	0	0	2	0
530801	17	107	2	56	1095	6	0	3	0	1
2222	52	19	0	680	177	1	0	1	1	0
544531	789	81	439	68	6	2	0	2	3	0
484338	1024	56	522	136	3	1	0	2	0	1
322715	0	0	0	0	0	0	0	0	0	0
332311	2	3	0	5	4	3	2	31	6	4
469800	0	0	0	0	0	0	0	1	0	0
363625	0	0	0	0	0	0	0	0	0	0
365909	0	0	0	1	0	1	1	4	0	0
258691	0	0	0	0	0	0	0	0	0	0
248140	13	4	2	38	15	62	14	155	19	20
318215	0	0	0	0	0	0	0	0	0	0
256779	0	0	0	0	0	0	0	0	0	1
571828	0	0	0	0	0	0	0	1	0	0
1950	0	39	0	1	0	0	0	0	0	0
63166	21	17	14	0	0	0	0	0	0	0
470807	197	55	89	55	3	1	1	0	0	0
93513	8	9	31	0	0	0	0	0	0	0
22635	115	1	56	39	3	5	0	0	0	0
291090	15	34	0	20	7	58	2	41	13	13
303877	0	0	0	0	0	0	0	0	0	0
585914	0	0	0	0	0	0	0	0	0	0
186233	1	0	0	0	0	0	0	0	0	0
470761	0	3	0	15	9	13	2	94	12	7
546042	0	0	0	0	0	0	0	0	0	0
259569	37	12	6	40	13	50	14	84	20	13
46477	34	10	0	0	0	0	0	0	0	0
276940	2	0	0	3	0	0	0	0	0	0
414628	122	1	0	0	0	1	0	0	0	0
196049	0	0	0	0	0	0	0	1	0	0
470996	0	0	0	0	0	0	0	0	0	0
350649	0	0	2	0	0	3	0	1	0	0
342865	0	0	0	0	0	4	0	31	103	56
566830	0	3	0	0	0	0	0	0	0	0
126906	4	1	0	0	0	0	0	0	0	0
161173	1	1	5	0	0	0	0	0	0	0
137491	12	12	36	0	0	0	0	0	0	0
172112	0	7	5	0	0	1	0	0	0	0
306350	13	36	17	0	1	1	1	0	0	0
58635	0	0	0	0	1	78	0	0	0	0
163626	1	26	0	0	0	0	0	0	0	0
55666	0	0	0	0	0	0	0	0	0	0
2573	0	0	0	0	0	0	0	0	0	0
228517	0	0	0	0	0	2	1	0	0	0
273031	0	0	0	0	0	0	1	0	0	0
259026	0	0	0	0	0	0	0	0	0	0
579046	0	0	0	0	0	0	0	0	0	0
2550	0	0	0	0	0	0	0	1	0	0
164755	0	0	0	0	0	0	0	2	5	6
532169	0	0	0	0	0	0	0	0	0	0
132219	0	0	0	0	0	0	1	0	0	0
143109	0	0	0	0	0	0	2	0	0	0
138931	0	2	0	0	0	0	0	0	0	0
1415	1	3	0	0	0	0	0	0	0	0
55007	3	0	0	0	0	0	0	0	0	0
138843	0	0	0	0	0	0	6	0	0	0
516998	0	13	0	0	0	1	1	0	0	0
288106	0	0	0	0	0	0	0	0	0	0
292815	0	0	0	0	0	0	0	0	0	0
3581	0	0	0	0	0	0	0	0	0	0
329327	0	0	0	0	0	0	0	0	0	0
293363	0	0	0	0	0	0	0	0	0	0
159436	0	0	0	0	0	0	0	0	4	1
150977	0	0	0	0	0	0	0	0	0	0
131989	0	0	0	0	0	0	0	3	30	49
1549	0	0	0	0	0	0	0	0	0	0
557073	0	0	0	0	0	0	0	0	0	0
238021	0	0	0	0	0	0	0	2	0	0
278234	1	0	0	2	0	0	0	16	0	1
102890	1	2	0	0	0	19	148	702	27	8
1591	0	0	9	0	0	2	0	5	0	0
1592	0	0	0	0	0	0	2	70	0	1
248041	0	7	0	1	1	20	147	743	24	12
347528	0	59	0	1	1	0	19	8	4	1
235858	0	0	0	0	0	0	0	0	0	0
111528	0	0	0	1	0	0	0	0	2	0
2936	0	0	0	0	0	0	0	0	0	0
136933	0	0	0	0	0	0	1	0	0	3
2920	0	0	0	0	0	0	0	0	0	0
580742	0	0	0	0	0	0	0	0	0	1
544430	0	0	0	0	0	0	0	0	0	0
2808	0	0	0	0	0	0	0	0	0	0
2826	0	0	0	0	0	0	0	8	15	4
2849	0	0	0	0	0	0	0	0	0	0
237556	0	0	0	0	0	0	0	0	0	0
139631	0	0	0	0	0	0	0	0	0	0
2845	0	0	0	0	0	0	0	1	0	0
200550	0	0	0	0	0	0	0	0	0	0
517456	0	1	0	0	0	0	5	0	0	1
250059	0	0	0	0	0	0	0	2	0	0
585054	0	0	0	0	0	0	0	0	0	0
186029	0	4	1	0	0	0	0	12	0	0
186254	0	0	0	0	0	0	0	0	0	0
469663	0	0	1	2	0	0	0	0	0	0
471157	1	0	0	0	0	0	0	0	0	0
11372	0	0	0	0	0	1	0	5	0	0
11353	0	0	0	0	0	0	0	0	0	0
1277	0	0	0	0	0	0	0	0	1	1
89770	38	0	9	16	1	0	0	0	0	0
44695	0	0	0	0	0	0	0	0	0	0
295560	1	0	0	0	0	0	0	0	0	0
344553	0	0	0	0	0	0	0	1	0	0
326083	0	0	0	0	0	0	0	0	0	0
338957	0	0	0	0	0	0	0	1	1	2
350677	1	0	0	0	0	0	0	0	0	0
319790	79	0	0	0	0	0	0	14	40	37
14207	0	0	0	0	0	0	0	1	1	3
137817	0	0	0	0	0	0	0	0	0	0
210652	0	0	0	0	0	0	0	0	0	0
159888	0	0	0	0	0	0	0	0	0	0
14263	0	1	0	0	0	0	0	0	0	0
268507	0	0	1	0	0	0	0	0	0	0
448805	0	0	0	0	0	0	0	0	0	0
266777	26	48	0	2	0	0	0	0	0	0
565812	1829	2448	143	3	2	2	2	1	0	0
14277	47	5	10	0	0	0	0	0	1	1
489717	9	5	0	0	0	0	0	0	0	0
182104	1016	123	99	4	0	0	0	1	1	0
83175	48	29	15	0	2	0	0	0	0	1
180390	0	1	0	0	0	0	0	0	0	0
364655	4	3	0	0	0	0	0	0	1	0
14282	0	1	0	0	0	0	0	0	0	0
567933	0	0	0	0	0	0	0	0	0	0
14288	0	0	0	0	0	0	0	0	0	0
175062	19	15	5	0	0	0	0	0	0	0
448819	358	298	81	0	2	0	0	0	0	0
359171	371	523	360	27	15	14	8	155	11	4
181489	2018	73	134	38	3	1	0	0	1	0
259130	0	0	0	1	0	0	0	4	0	0
469661	2	0	0	4	7	0	5	31	4	1
471257	0	0	0	0	0	0	0	0	0	0
16182	0	0	0	0	0	0	0	0	4	2
60741	0	0	0	0	0	0	0	0	2	1
287160	2	0	13	3	2	4	13	693	2718	1680
543718	0	0	0	0	0	0	0	0	0	0
108384	0	0	0	0	0	0	0	0	1	6
288756	0	0	0	0	0	0	0	0	0	0
437215	0	0	0	0	0	0	0	0	1	0
315982	0	0	0	0	0	0	0	1	1	0
523589	0	0	0	0	0	0	0	0	0	1
541328	0	0	0	0	0	0	0	0	1	1
16231	0	0	0	0	0	0	0	7	37	41
130271	0	0	0	0	0	0	0	0	1	0
165261	0	0	0	0	1	1	1	8	0	1
308873	0	0	0	0	0	0	0	0	0	0
469744	0	0	0	0	0	0	0	0	0	0
107235	0	0	0	0	0	0	0	0	0	0
41119	0	0	0	1	0	0	0	0	0	0
49276	0	0	0	0	0	0	0	0	0	0
206631	0	0	0	0	0	0	0	0	0	0
365763	0	0	0	1	0	0	0	0	0	0
255798	0	0	0	0	0	0	0	0	0	0
175932	0	0	0	0	0	0	0	0	0	0
571472	0	0	0	0	0	0	0	0	0	0
594268	0	0	0	0	0	0	0	0	0	0
299390	1	3	0	4	0	3	1	4	0	0
192025	0	0	0	0	0	0	0	0	0	0
290362	0	0	0	0	0	0	0	0	0	0
365310	0	0	0	0	0	0	1	0	0	0
369814	20	0	0	0	0	0	1	0	0	0
594253	0	0	0	0	0	0	0	0	0	0
199006	0	0	0	0	0	0	0	0	0	0
186357	0	0	0	0	0	0	0	0	0	0
177404	0	0	0	0	0	0	0	0	0	0
318444	4	4	0	4	1	1	2	32	1	2
291815	0	0	0	0	0	0	0	0	0	0
183487	0	0	0	0	0	0	0	0	0	0
304309	0	0	0	0	0	0	0	0	0	0
302128	0	0	0	0	0	0	0	1	0	0
208029	0	0	0	0	0	0	0	0	0	0
295456	1	0	0	1	0	0	0	0	0	0
301090	0	0	0	0	0	0	0	0	0	0
334041	0	0	0	0	0	0	0	0	0	0
291684	0	0	0	0	0	0	0	2	0	0
289555	0	0	0	0	0	0	0	0	0	0
183955	0	0	0	0	0	0	0	0	0	0
304393	0	0	0	0	0	0	0	0	0	0
362428	0	0	0	0	0	0	0	0	0	0
246042	0	0	0	0	0	0	0	0	0	0
37865	0	0	0	0	0	0	0	0	0	0
471000	74	0	10	1	0	0	0	0	0	0
92464	0	0	0	0	0	0	0	0	0	0
177772	0	0	1	1	0	0	0	0	0	0
192990	0	0	0	0	0	0	0	0	0	0
186077	0	1	0	1	0	0	0	1	0	0
177520	0	0	0	1	0	0	0	2	0	0
198071	0	0	0	0	0	0	0	0	0	0
186955	0	0	0	1	0	0	0	1	0	0
512903	0	0	0	0	0	0	0	0	0	0
193343	4	43	2	17	0	0	0	6	1	2
302746	0	0	0	0	0	0	0	0	0	0
357795	17	133	16	74	15	22	5	47	8	10
175518	0	2	0	0	0	0	0	0	0	0
184910	0	4	0	0	0	0	0	0	0	0
183969	0	0	0	0	0	0	0	0	0	0
193067	0	0	0	0	0	0	0	0	0	0
311423	0	0	0	0	0	0	0	0	0	0
175208	0	0	0	0	0	0	0	0	0	0
104573	0	0	0	0	0	0	0	0	0	0
62513	0	0	0	0	0	0	0	0	0	0
514200	0	0	0	1	0	0	0	0	0	0
471120	182	5	235	61	5	0	0	0	0	0
470747	1474	155	147	11907	717	193	6	26	12	10
469991	11	0	7	0	2	1	0	42	0	3
302306	0	0	0	0	0	0	0	0	0	0
470969	0	0	0	0	0	0	0	0	0	0
363692	5	0	0	2	1	1	0	29	0	0
184729	0	0	0	0	0	0	0	0	0	0
342397	4	0	0	0	0	0	0	16	0	0
198251	0	0	0	0	0	0	0	0	0	0
339852	0	0	0	0	0	0	0	0	0	0
261912	2	13	0	16	1	8	2	90	3	4
470973	45	24	1	68	9	22	5	208	17	9
470172	13	93	0	17	1	8	4	3	2	1
332450	0	0	0	0	0	0	0	0	0	0
469824	7	0	0	2	2	2	1	10	1	1
14129	0	0	0	0	0	0	0	0	0	0
569196	0	0	0	0	0	0	0	0	0	0
470114	0	0	0	10	2	1	1	43	0	0
368362	0	0	0	0	0	0	0	1	0	0
180665	0	0	0	0	0	0	0	0	0	0
184511	0	0	0	0	0	0	0	0	0	0
132991	0	0	0	0	0	0	0	0	0	1
177918	0	0	0	0	0	0	0	0	0	0
188646	0	1	0	8	1	0	1	33	1	1
361581	0	0	0	1	0	0	0	1	0	0
190675	0	0	0	0	0	0	0	0	0	0
180304	1	2	0	6	1	2	1	2	0	1
171551	31	25	11	190	33	25	15	383	31	20
290260	27	4	1	164	23	19	8	129	23	11
367433	7	52	9	65	8	18	6	65	12	1
185734	1	0	0	3	1	0	0	1	0	0
194986	0	0	0	0	0	0	0	0	0	0
173874	0	0	0	0	0	0	0	0	0	0
194654	0	1	0	0	0	0	0	0	0	0
337270	0	0	0	0	0	0	0	0	0	0
93647	0	0	0	0	0	0	0	0	1	0
261022	1	0	0	7	1	2	0	12	1	0
291566	0	0	0	0	0	0	0	0	0	0
228330	0	0	0	0	0	0	0	0	0	0
563574	0	0	0	0	0	0	0	0	0	0
533488	0	0	0	0	0	0	0	0	0	0
99603	0	0	0	0	0	0	0	0	0	0
264510	0	0	0	0	0	0	0	0	0	0
16066	0	0	0	0	0	0	0	0	0	0
291859	0	0	0	0	0	0	0	0	0	0
290894	0	0	0	0	0	0	0	0	0	0
254943	0	0	0	0	0	0	0	0	0	0
269833	1	13	1	34	4	4	0	6	3	3
103352	0	0	0	0	0	0	0	0	0	0
268653	0	0	0	0	0	0	0	0	0	0
470117	1	0	0	7	1	2	0	33	2	0
583700	2	0	0	0	0	0	0	0	0	0
59386	0	0	0	0	0	0	0	0	0	0
556428	0	0	0	0	0	0	0	0	0	0
239864	1	0	0	0	0	0	0	0	0	0
242528	0	0	0	0	0	0	0	0	0	0
249745	1	1	1	0	0	0	0	0	0	0
60380	0	0	0	0	0	0	0	0	0	0
580042	0	0	0	0	0	0	0	0	0	1
274005	0	0	0	0	0	0	0	0	0	0
103155	0	0	0	0	0	0	0	0	0	1
256522	2	0	0	0	0	0	0	0	0	0
91686	0	1	0	0	0	0	0	0	0	1
106622	13	16	15	0	0	0	0	0	0	0
409809	9	5	2	0	0	1	0	0	1	0
144299	0	4	4	0	0	0	0	0	0	1
203725	1	0	0	0	0	0	0	0	0	0
278527	1	5	2	0	0	0	0	0	0	0
575425	0	2	3	0	0	0	0	2	2	2
561548	12	2	3	0	0	0	0	0	1	0
540317	0	0	0	0	0	0	0	0	0	0
32275	0	1	0	0	0	0	0	0	0	0
532740	63	24	51	0	0	1	0	1	4	1
239866	0	1	0	0	0	0	0	0	0	0
14648	0	0	0	0	0	0	0	0	0	0
581181	5	15	4	0	0	0	0	0	0	0
69411	51	2	1	4	0	0	0	0	0	0
14628	31	71	89	1	0	1	0	0	1	2
89853	19	3	4	0	0	0	1	0	0	2
81504	1	0	0	0	0	0	0	0	0	0
24211	59	43	34	1	0	0	0	0	0	0
110985	2	1	1	0	0	0	0	0	0	1
270179	3	1	1	1	0	0	0	0	0	0
568117	0	0	0	0	0	0	0	0	0	0
114233	0	0	0	1	0	0	0	0	0	0
112926	0	1	0	0	0	0	0	0	0	0
539360	4	13	0	19	0	0	0	0	1	0
240315	2	1	0	1	0	0	0	0	0	0
528019	1	0	0	0	0	0	0	0	0	0
277136	9	4	9	0	0	0	0	2	0	4
571004	0	0	0	0	0	0	0	1	2	2
590554	0	2	0	0	0	0	0	0	0	0
183736	4	14	3	0	0	0	0	0	0	0
14990	0	0	0	0	0	0	0	0	0	0
555419	0	0	0	1	0	0	0	1	0	0
290167	0	0	0	0	0	0	0	0	0	0
330402	1	0	0	0	0	0	0	0	0	0
292404	0	0	1	0	0	0	0	0	0	0
522930	0	0	0	0	0	0	0	0	0	0
154106	197	4	13	26	4	1	0	3	1	0
370030	5	10	7	0	0	0	0	0	0	0
15237	0	49	2	0	0	0	1	0	0	0
15238	0	6	16	0	0	0	0	0	0	0
399527	0	0	0	2	0	0	0	0	0	0
37420	1	0	1	1	0	0	0	0	0	0
382771	2	1	0	2	0	0	0	0	0	0
28186	246	7	8	1000	4	0	0	0	1	0
590982	0	0	0	1	0	0	0	0	0	0
53470	8	0	0	9	1	0	0	0	0	0
15298	1	0	0	3	0	0	0	0	0	0
561594	2	0	0	3	0	0	0	0	1	1
20595	2	0	0	0	0	0	0	0	0	0
137557	1	0	0	0	0	0	0	0	0	0
17976	0	0	0	1	0	0	0	0	0	0
132661	0	13	1	0	0	0	0	0	0	0
115230	0	0	0	1	0	0	0	0	0	0
143718	0	0	0	0	0	0	0	0	0	0
140940	123	22	14	137	5	2	0	3	1	1
276183	12	0	0	19	1	0	0	0	0	0
170136	0	0	0	0	0	0	0	0	0	0
15054	6322	142	10	8	1	0	0	1	1	0
470477	5216	146	661	9306	171	55	5	5	4	5
95500	16	0	0	0	0	0	0	0	0	0
469920	2533	118	18	9	0	0	0	0	0	0
175947	1	7	1	0	0	0	0	0	0	0
73154	0	3	0	0	0	0	0	0	0	0
358614	0	0	0	0	0	0	0	0	0	0
15571	64	1	6	9	0	0	0	0	0	0
98605	160536	6431	13125	20451	1875	425	18	67	54	43
154802	23	2	0	4	0	0	0	0	0	0
18951	133	23	3	6	1	0	0	0	0	0
511532	280	8	24	56	2	1	0	0	0	0
244707	1	0	0	0	0	0	0	0	0	0
35049	2	0	0	0	0	0	0	0	0	0
15462	1	0	0	0	0	0	0	1	0	0
534193	1764	97	2117	146	12	6	1	3	2	0
108747	8805	1075	2143	11871	977	685	7	88	35	45
35624	41	2	6	0	0	0	0	0	0	0
144643	87	2	8	54	2	3	1	1	1	1
191458	7	0	0	1	0	0	0	0	0	0
370433	16	75	4807	4	5	3	5	6	6	0
169991	6	0	1	1	0	1	0	0	0	0
15382	44	4	2	36	1	4	0	2	0	0
72003	30	4	1	45	2	2	0	0	0	0
139660	55	0	26	1	0	0	0	0	0	0
36800	1	0	1	1	0	0	0	0	0	0
44359	141	1	50	0	0	0	0	0	0	0
15357	179	4	16	39	2	1	0	1	0	0
305263	7	0	2	3	0	0	0	1	0	0
15431	9	0	0	0	0	0	0	0	0	0
55342	9	0	0	1	0	0	0	0	0	0
70091	3	0	4	0	0	0	0	0	0	0
86780	11	0	7	0	0	0	0	0	0	0
328458	5	0	0	3	0	1	0	1	0	0
455671	0	0	0	0	0	0	0	0	0	0
360402	0	0	3	0	0	0	0	0	0	0
15176	4	0	0	0	0	0	0	0	0	0
179415	0	0	1	0	0	0	0	0	0	0
79835	0	0	0	3	0	0	0	0	0	0
15141	0	0	0	1	0	0	0	0	0	0
484444	11	15	2	1	0	0	0	0	0	0
376024	16	14	26	0	0	0	0	0	0	0
270383	0	0	1	0	0	0	0	0	0	0
268592	0	9	29	0	0	0	0	0	0	0
15208	0	0	0	0	0	1	0	0	0	0
471308	0	2	0	0	0	0	0	0	0	0
301883	0	0	0	0	0	0	0	0	0	0
470663	0	1	0	0	0	0	0	0	0	0
327765	0	0	0	0	0	0	0	0	0	0
250395	0	17	0	0	0	0	2	0	0	0
470603	38	64	15	0	0	0	0	0	0	0
202045	1	0	0	0	0	0	0	0	0	0
15129	0	0	0	0	0	0	0	0	0	0
252321	523	111	644	3	1	1	0	0	0	0
139748	0	0	1	0	0	0	0	0	0	0
470599	0	154	5	0	0	0	0	0	0	0
541987	44	8	1	0	0	0	2	0	0	0
331583	19	12	4	0	0	0	0	0	0	0
152001	1	2	1	0	0	0	0	0	0	0
217996	2	2	0	0	0	0	0	0	0	0
218488	30	27	8	0	0	0	0	0	0	0
157775	0	0	1	0	0	0	0	0	0	0
338191	14	12	5	0	0	0	0	0	0	0
173469	3	1	0	0	0	0	0	0	0	0
154509	3	0	0	0	0	0	0	0	0	0
354779	1	0	0	0	0	0	0	0	0	0
586238	7	13	3	0	0	0	0	0	0	0
158047	21	73	57	0	0	0	0	0	0	0
120648	1	0	0	0	0	0	0	0	0	0
428705	90	63	25	1	0	0	0	0	2	0
181589	8	2	1	0	1	0	0	0	0	0
326116	173	216	127	0	0	0	0	0	0	0
165813	1	3	3	0	0	0	0	0	0	0
192272	309	270	84	1	0	0	0	1	0	0
28012	16	0	3	0	0	0	0	0	0	0
82008	0	0	5	0	0	0	0	0	0	0
150398	0	0	3	0	0	0	0	0	0	0
77692	0	0	0	0	0	0	0	0	0	0
99527	0	0	0	0	0	0	0	0	0	0
77934	0	0	0	0	0	0	0	0	0	0
150342	0	0	0	0	0	0	0	0	0	0
250537	0	0	0	0	0	0	0	0	1	0
583230	0	8	0	0	0	0	0	0	0	0
554326	0	0	0	0	0	0	0	0	0	0
553272	0	0	0	0	0	0	0	0	0	0
345394	0	0	0	0	0	0	0	0	1	0
91824	0	2	0	0	0	0	0	0	0	0
48149	0	0	1	0	0	0	0	0	0	0
418246	0	0	0	0	0	0	0	0	0	0
14363	6	0	0	0	0	0	0	0	1	1
173423	0	0	0	0	0	0	0	0	0	0
252209	12	0	6	0	0	0	0	0	2	2
94821	0	1	1	0	0	0	0	0	0	0
251174	0	0	0	0	0	0	0	0	0	0
99771	0	0	0	0	0	0	0	0	0	0
14416	0	0	0	0	0	0	0	0	0	0
516425	0	7	0	0	0	0	0	0	0	1
78004	0	0	0	0	0	0	0	0	0	0
88727	0	0	0	0	0	0	0	0	0	0
368045	0	0	0	0	0	0	0	0	0	0
362557	1	0	0	0	0	0	0	0	0	0
471352	7	0	0	0	0	0	0	0	0	0
145293	0	0	0	0	0	0	0	0	0	0
421872	3	0	0	0	0	0	0	0	0	0
536376	3	0	0	0	0	0	0	0	0	0
133383	5	4	0	0	0	0	0	0	0	0
19970	0	0	0	0	0	0	0	0	0	1
63190	0	0	0	0	0	0	0	0	0	0
337187	0	0	0	0	0	0	0	0	0	0
470993	1186	4	337	33	14	0	0	0	0	0
470691	2	0	0	3	1	0	2	20	6	2
239386	0	0	0	0	0	0	0	0	0	0
303487	0	0	0	0	0	0	0	0	0	1
13825	210	0	5	5	0	0	0	1	0	0
358364	132	31	101	8	1	0	0	1	0	0
470239	0	0	0	0	0	0	0	0	0	0
109771	0	0	0	0	0	0	0	0	0	0
13823	0	1	0	0	0	0	0	0	0	0
516119	1285	25	79	82	47	0	0	1	0	0
114821	13635	471	2822	29890	18746	314	14	62	46	28
471370	0	0	0	8	0	3	2	26	4	1
170284	0	0	0	0	0	0	0	1	0	4
258659	0	0	0	0	0	0	0	0	3	1
315671	0	0	0	0	0	0	0	0	0	1
74312	0	0	0	0	0	0	0	0	0	0
96132	8	0	0	0	0	0	0	0	0	0
240047	1	0	0	0	0	0	0	3	6	12
26036	0	0	0	0	0	0	0	0	0	1
250833	0	0	0	0	0	0	1	14	37	58
238813	0	0	0	0	0	0	0	0	0	1
521688	0	0	0	0	0	0	0	0	1	0
523249	0	0	1	0	0	0	0	0	0	0
484439	0	0	0	0	0	0	0	0	0	0
